"","TrainNo","AvgDelay"
"1","12301",42
"2","12302",43
"3","12305",35
"4","12306",84
"5","12309",44
"6","12310",60
"7","12313",38
"8","12314",45
"9","12423",0
"10","12424",0
"11","12425",46
"12","12426",21
"13","12431",0
"14","12432",18
"15","12433",63
"16","12434",59
"17","12437",48
"18","12438",25
"19","12441",102
"20","12442",56
"21","12453",35
"22","12454",32
"23","12951",23
"24","12952",30
"25","12953",22
"26","12954",15
"27","12957",14
"28","12958",18
"29","20407",67
"30","20408",50
"31","20501",0
"32","20502",0
"33","20503",0
"34","20504",0
"35","20505",0
"36","20506",0
"37","20817",84
"38","20818",49
"39","20839",50
"40","20840",70
"41","22221",39
"42","22222",37
"43","22413",18
"44","22414",75
"45","22691",0
"46","22692",0
"47","22811",57
"48","22812",46
"49","22823",67
"50","22824",71
"51","12001",44
"52","12002",28
"53","12003",19
"54","12004",26
"55","12005",12
"56","12006",12
"57","12007",15
"58","12008",13
"59","12009",11
"60","12010",15
"61","12011",24
"62","12012",14
"63","12013",25
"64","12014",15
"65","12015",14
"66","12016",13
"67","12017",18
"68","12018",17
"69","12019",17
"70","12020",12
"71","12025",18
"72","12026",29
"73","12027",11
"74","12028",12
"75","12029",23
"76","12030",15
"77","12031",24
"78","12032",20
"79","12033",15
"80","12034",18
"81","12039",12
"82","12040",16
"83","12041",41
"84","12042",30
"85","12045",12
"86","12046",12
"87","12049",16
"88","12050",24
"89","12087",12
"90","12088",19
"91","12243",9
"92","12244",17
"93","12277",63
"94","12278",37
"95","12461",8
"96","12462",23
"97","20171",21
"98","20172",11
"99","20173",12
"100","20174",33
"101","20607",13
"102","20608",11
"103","20631",4
"104","20632",0
"105","20633",11
"106","20634",13
"107","20643",10
"108","20644",7
"109","20661",34
"110","20662",29
"111","20665",3
"112","20666",11
"113","20677",0
"114","20678",6
"115","20701",19
"116","20702",14
"117","20703",0
"118","20704",9
"119","20825",25
"120","20826",21
"121","20833",42
"122","20834",49
"123","20835",0
"124","20836",0
"125","20897",24
"126","20898",0
"127","20901",11
"128","20902",14
"129","20911",4
"130","20912",4
"131","20977",12
"132","20978",9
"133","20979",4
"134","20980",5
"135","22223",13
"136","22224",10
"137","22225",14
"138","22226",11
"139","22227",25
"140","22228",21
"141","22229",10
"142","22230",26
"143","22301",18
"144","22302",32
"145","22347",5
"146","22348",3
"147","22349",48
"148","22350",23
"149","22435",29
"150","22436",30
"151","22439",17
"152","22440",27
"153","22447",19
"154","22448",24
"155","22457",14
"156","22458",16
"157","22549",10
"158","22550",4
"159","22895",22
"160","22896",32
"161","22925",5
"162","22926",10
"163","12213",0
"164","12214",0
"165","12219",32
"166","12220",39
"167","12221",213
"168","12222",373
"169","12223",58
"170","12224",59
"171","12227",46
"172","12228",44
"173","12239",12
"174","12240",41
"175","12245",72
"176","12246",49
"177","12259",72
"178","12260",143
"179","12261",210
"180","12262",336
"181","12263",43
"182","12264",58
"183","12265",11
"184","12266",21
"185","12267",18
"186","12268",22
"187","12269",154
"188","12270",159
"189","12273",94
"190","12274",110
"191","12281",172
"192","12282",204
"193","12283",0
"194","12284",0
"195","12285",66
"196","12286",103
"197","12289",19
"198","12290",32
"199","12293",49
"200","12294",49
"201","12297",23
"202","12298",34
"203","22201",25
"204","22202",40
"205","22203",38
"206","22204",32
"207","22209",35
"208","22210",26
"209","22213",34
"210","22214",21
"211","12113",67
"212","12114",86
"213","12187",18
"214","12188",34
"215","12201",9
"216","12202",29
"217","12203",98
"218","12204",134
"219","12207",174
"220","12208",101
"221","12209",173
"222","12210",66
"223","12211",73
"224","12212",151
"225","12215",21
"226","12216",17
"227","12257",25
"228","12258",30
"229","12359",40
"230","12360",38
"231","12435",147
"232","12436",131
"233","12535",167
"234","12536",158
"235","12593",20
"236","12594",16
"237","12611",109
"238","12612",102
"239","12735",64
"240","12736",20
"241","12739",34
"242","12740",54
"243","12877",94
"244","12878",92
"245","12881",46
"246","12882",94
"247","12909",35
"248","12910",18
"249","12983",0
"250","12984",7
"251","22405",193
"252","22406",186
"253","22407",133
"254","22408",133
"255","22409",84
"256","22410",154
"257","22883",31
"258","22884",0
"259","04071",111
"260","05615",0
"261","05616",0
"262","05733",0
"263","05734",0
"264","09183",0
"265","09184",0
"266","13107",0
"267","13108",0
"268","13109",11
"269","13110",47
"270","13129",17
"271","13130",38
"272","13131",103
"273","13132",41
"274","14805",0
"275","14806",0
"276","15887",12
"277","15888",22
"278","01055",0
"279","01127",176
"280","01128",230
"281","01921",171
"282","01922",54
"283","02023",107
"284","02024",46
"285","02101",33
"286","02131",180
"287","02132",140
"288","02133",50
"289","02134",101
"290","02185",513
"291","02186",335
"292","02188",448
"293","02197",0
"294","02198",0
"295","02501",0
"296","02502",148
"297","02575",0
"298","02576",232
"299","02837",81
"300","02838",35
"301","02848",11
"302","03225",0
"303","03245",0
"304","03246",0
"305","03251",108
"306","03252",240
"307","03259",0
"308","03260",0
"309","04049",0
"310","04050",0
"311","04079",292
"312","04080",266
"313","04081",192
"314","04082",193
"315","04121",256
"316","04122",119
"317","04151",452
"318","04152",0
"319","06041",42
"320","06042",22
"321","06049",0
"322","06050",38
"323","07115",0
"324","07116",0
"325","08186",110
"326","09008",46
"327","09053",518
"328","09117",143
"329","09118",24
"330","09129",113
"331","09130",148
"332","09321",0
"333","09322",199
"334","09343",433
"335","09344",694
"336","09435",11
"337","09436",28
"338","09455",24
"339","09456",14
"340","09715",0
"341","09716",0
"342","09721",14
"343","09722",13
"344","12101",0
"345","12102",0
"346","12103",84
"347","12104",70
"348","12105",26
"349","12106",31
"350","12107",84
"351","12108",32
"352","12109",19
"353","12110",11
"354","12111",32
"355","12112",16
"356","12115",26
"357","12116",21
"358","12119",15
"359","12120",20
"360","12123",15
"361","12124",13
"362","12125",22
"363","12126",13
"364","12127",13
"365","12128",14
"366","12129",0
"367","12130",0
"368","12131",17
"369","12132",20
"370","12133",44
"371","12134",38
"372","12135",64
"373","12136",53
"374","12137",0
"375","12138",0
"376","12139",30
"377","12140",25
"378","12141",0
"379","12142",115
"380","12143",95
"381","12144",47
"382","12145",0
"383","12146",0
"384","12147",53
"385","12148",96
"386","12149",0
"387","12150",0
"388","12151",0
"389","12152",0
"390","12153",13
"391","12154",35
"392","12155",66
"393","12156",52
"394","12157",14
"395","12158",11
"396","12159",20
"397","12160",54
"398","12161",54
"399","12162",144
"400","12163",28
"401","12164",43
"402","12165",118
"403","12166",64
"404","12167",0
"405","12168",39
"406","12169",16
"407","12170",20
"408","12173",79
"409","12174",40
"410","12175",57
"411","12176",64
"412","12177",78
"413","12178",130
"414","12179",27
"415","12180",29
"416","12181",60
"417","12182",94
"418","12183",66
"419","12184",95
"420","12185",87
"421","12186",64
"422","12189",98
"423","12190",172
"424","12191",174
"425","12192",123
"426","12193",11
"427","12194",64
"428","12195",24
"429","12196",25
"430","12197",53
"431","12198",34
"432","12225",137
"433","12226",84
"434","12229",59
"435","12230",47
"436","12231",85
"437","12232",114
"438","12237",117
"439","12238",167
"440","12241",22
"441","12242",11
"442","12251",0
"443","12252",248
"444","12253",0
"445","12254",0
"446","12279",72
"447","12280",25
"448","12291",27
"449","12292",19
"450","12295",0
"451","12296",0
"452","12303",167
"453","12304",88
"454","12307",0
"455","12308",0
"456","12311",0
"457","12312",0
"458","12315",0
"459","12316",88
"460","12317",113
"461","12318",157
"462","12319",75
"463","12320",114
"464","12321",0
"465","12322",0
"466","12323",0
"467","12324",0
"468","12325",15
"469","12326",71
"470","12327",115
"471","12328",0
"472","12331",0
"473","12332",0
"474","12333",69
"475","12334",108
"476","12335",87
"477","12336",40
"478","01025",0
"479","01026",0
"480","01027",0
"481","01028",0
"482","01066",60
"483","01139",124
"484","01140",139
"485","01151",91
"486","01152",22
"487","01165",220
"488","01166",422
"489","01167",170
"490","01168",248
"491","01169",228
"492","01170",312
"493","01171",163
"494","01172",229
"495","01185",111
"496","01186",146
"497","01187",365
"498","01188",246
"499","01423",53
"500","01424",85
"501","01438",0
"502","01439",125
"503","01440",51
"504","01595",14
"505","01596",18
"506","01611",10
"507","01612",34
"508","01619",78
"509","01620",41
"510","01622",33
"511","01623",21
"512","01653",0
"513","01654",0
"514","01661",270
"515","01662",0
"516","01665",0
"517","01666",0
"518","01705",219
"519","01706",318
"520","01823",102
"521","01824",85
"522","01861",3
"523","01862",3
"524","01867",3
"525","01868",0
"526","01869",0
"527","01901",55
"528","01902",84
"529","01907",73
"530","01908",68
"531","02200",64
"532","02831",85
"533","02832",119
"534","02847",33
"535","02897",7
"536","02898",7
"537","03215",49
"538","03216",31
"539","03226",322
"540","03229",148
"541","03230",102
"542","03247",0
"543","03248",0
"544","03357",0
"545","03358",44
"546","03369",64
"547","03370",34
"548","03461",20
"549","03462",9
"550","03467",9
"551","03468",9
"552","03477",10
"553","03478",12
"554","03491",8
"555","03492",0
"556","03493",6
"557","03494",0
"558","03495",0
"559","03496",0
"560","03497",0
"561","03498",0
"562","03605",29
"563","03606",11
"564","03617",106
"565","03619",94
"566","03620",46
"567","03637",15
"568","03638",0
"569","04101",89
"570","04102",38
"571","04119",16
"572","04120",22
"573","04143",58
"574","04144",59
"575","04153",41
"576","04154",25
"577","04169",17
"578","04170",16
"579","04173",17
"580","04174",34
"581","04241",67
"582","04242",19
"583","04247",15
"584","04248",14
"585","04251",17
"586","04252",17
"587","04253",21
"588","04254",15
"589","04255",55
"590","04256",75
"591","04257",48
"592","04258",9
"593","04259",47
"594","04260",41
"595","04279",63
"596","04282",34
"597","04283",56
"598","04285",39
"599","04286",85
"600","04319",215
"601","04320",61
"602","04349",76
"603","04350",36
"604","04351",22
"605","04352",39
"606","04353",14
"607","04354",23
"608","04355",75
"609","04356",80
"610","04357",36
"611","04358",40
"612","04359",35
"613","04360",40
"614","04361",34
"615","04362",21
"616","04363",9
"617","04364",10
"618","04365",41
"619","04366",32
"620","04367",15
"621","04368",49
"622","04375",70
"623","04376",36
"624","04377",59
"625","04378",44
"626","04379",61
"627","04380",113
"628","04385",19
"629","04386",55
"630","04391",4
"631","04392",30
"632","04393",67
"633","04394",38
"634","04397",18
"635","04398",25
"636","04399",71
"637","04400",0
"638","04454",16
"639","04509",40
"640","04510",58
"641","04521",32
"642","04522",24
"643","04531",16
"644","04547",35
"645","04548",41
"646","04549",13
"647","04550",11
"648","04551",9
"649","04552",16
"650","04555",15
"651","04556",19
"652","04599",53
"653","04600",19
"654","04693",0
"655","04694",0
"656","04695",0
"657","04696",0
"658","04705",20
"659","04706",53
"660","04711",15
"661","04712",0
"662","04713",42
"663","04714",69
"664","04743",33
"665","04744",29
"666","04745",52
"667","04746",35
"668","04771",16
"669","04772",62
"670","04783",24
"671","04784",92
"672","04809",38
"673","04810",10
"674","04813",53
"675","04962",13
"676","04969",25
"677","04971",20
"678","12121",119
"679","12122",102
"680","12217",0
"681","12218",0
"682","12329",107
"683","12330",119
"684","12445",33
"685","12446",41
"686","12447",75
"687","12448",64
"688","12449",70
"689","12450",45
"690","12463",22
"691","12463-Slip",NA
"692","12464",23
"693","12501",0
"694","12502",0
"695","12565",84
"696","12566",84
"697","12629",0
"698","12630",0
"699","12649",0
"700","12650",0
"701","12651",87
"702","12652",0
"703","12707",87
"704","12708",39
"705","12753",62
"706","12754",0
"707","12819",155
"708","12820",179
"709","12823",204
"710","12824",162
"711","12825",106
"712","12826",107
"713","12907",38
"714","12908",37
"715","12917",55
"716","12918",119
"717","14037",0
"718","14038",0
"719","15035",89
"720","15035-Slip",NA
"721","15036",39
"722","20945",38
"723","20946",23
"724","22464",29
"725","22685",0
"726","22686",0
"727","25036",11
"728","22119",26
"729","22120",26
"730","22425",0
"731","22426",0
"732","22671",8
"733","22672",15
"734","82501",26
"735","82502",40
"736","82901",18
"737","82902",15
"738","02517",164
"739","02518",171
"740","02809",98
"741","02810",64
"742","03241",0
"743","03242",0
"744","04043",269
"745","04044",188
"746","07481",143
"747","07482",147
"748","12171",24
"749","12172",51
"750","12247",27
"751","12248",15
"752","12401",52
"753","12402",99
"754","12429",66
"755","12430",43
"756","12519",0
"757","12520",0
"758","12551",0
"759","12552",0
"760","12773",48
"761","12774",72
"762","12775",28
"763","12776",39
"764","12783",34
"765","12784",61
"766","22115",69
"767","22116",83
"768","22117",22
"769","22118",57
"770","22121",24
"771","22122",53
"772","22123",59
"773","22124",210
"774","22125",149
"775","22126",103
"776","22207",11
"777","22208",25
"778","22401",37
"779","22402",51
"780","22411",0
"781","22412",0
"782","22461",23
"783","22462",22
"784","22475",0
"785","22476",0
"786","22631",0
"787","22632",0
"788","22677",20
"789","22678",34
"790","22807",93
"791","22808",64
"792","22837",0
"793","22838",0
"794","22863",270
"795","22864",99
"796","22903",36
"797","22904",48
"798","12597",180
"799","12598",82
"800","15101",0
"801","15102",0
"802","15267",0
"803","15268",0
"804","15547",0
"805","15548",124
"806","15551",0
"807","15552",69
"808","15559",0
"809","15560",0
"810","16355",0
"811","16356",23
"812","20691",14
"813","20692",40
"814","22551",234
"815","22552",253
"816","22563",0
"817","22564",11
"818","22841",0
"819","22842",56
"820","22877",0
"821","22878",0
"822","22921",44
"823","22922",76
"824","04651",344
"825","04652",265
"826","12235",108
"827","12236",128
"828","12275",17
"829","12276",32
"830","12349",94
"831","12350",0
"832","12503",0
"833","12504",0
"834","12571",61
"835","12572",45
"836","12595",57
"837","12596",83
"838","12751",130
"839","12752",235
"840","15705",108
"841","15706",108
"842","16319",18
"843","16320",36
"844","19091",224
"845","19092",0
"846","19667",0
"847","19668",0
"848","19669",49
"849","19670",63
"850","20481",0
"851","20482",0
"852","20821",285
"853","20822",0
"854","20827",270
"855","20828",0
"856","20889",72
"857","20890",74
"858","20915",21
"859","20916",56
"860","20917",223
"861","20918",247
"862","20923",49
"863","20924",25
"864","20943",51
"865","20944",35
"866","20973",0
"867","20974",0
"868","22139",52
"869","22140",35
"870","22141",69
"871","22142",111
"872","22169",349
"873","22170",0
"874","22171",37
"875","22172",120
"876","22317",81
"877","22318",92
"878","22353",0
"879","22354",0
"880","22437",23
"881","22438",15
"882","22459",180
"883","22460",193
"884","22497",0
"885","22498",0
"886","22705",0
"887","22706",0
"888","22833",73
"889","22834",48
"890","22867",255
"891","22868",360
"892","22913",0
"893","22914",0
"894","22919",18
"895","22920",69
"896","22923",55
"897","22924",29
"898","22985",23
"899","22986",7
"900","22665",18
"901","22666",13
"902","22701",21
"903","22702",37
"904","01135",0
"905","01136",0
"906","01272",0
"907","03213",26
"908","03214",53
"909","03571",13
"910","03572",16
"911","04296",40
"912","04297",41
"913","05913",58
"914","05914",30
"915","06145",0
"916","07331",20
"917","07332",38
"918","07507",36
"919","07508",55
"920","07513",25
"921","07514",81
"922","09465",0
"923","09466",214
"924","11807",29
"925","11808",32
"926","19435",55
"927","19436",0
"928","22199",193
"929","22200",278
"930","12021",40
"931","12022",56
"932","12023",29
"933","12024",20
"934","12051",26
"935","12052",22
"936","12053",37
"937","12054",20
"938","12055",29
"939","12056",27
"940","12057",16
"941","12058",17
"942","12059",16
"943","12060",38
"944","12061",41
"945","12062",26
"946","12063",0
"947","12064",0
"948","12065",13
"949","12066",21
"950","12067",24
"951","12068",27
"952","12069",120
"953","12070",128
"954","12071",13
"955","12072",14
"956","12073",58
"957","12074",24
"958","12075",13
"959","12076",11
"960","12077",17
"961","12078",25
"962","12079",19
"963","12080",24
"964","12081",9
"965","12082",44
"966","12083",11
"967","12084",7
"968","12089",18
"969","12090",19
"970","12091",35
"971","12092",27
"972","12097",9
"973","12098",16
"974","12365",41
"975","12366",25
"976","15125",21
"977","15126",40
"978","20947",9
"979","20948",0
"980","20949",0
"981","20950",14
"982","82355",94
"983","82356",114
"984","11099",70
"985","12583",105
"986","12584",162
"987","12931",21
"988","12932",14
"989","12985",14
"990","12986",8
"991","22625",18
"992","22626",22
"993","22707",29
"994","22708",85
"995","04279",63
"996","04282",34
"997","04359",35
"998","04360",40
"999","04599",53
"1000","04600",19
"1001","04743",33
"1002","04744",29
"1003","04745",52
"1004","04746",35
"1005","06429",20
"1006","06430",17
"1007","06534",3
"1008","07329",41
"1009","07330",35
"1010","11109",112
"1011","11110",130
"1012","11265",104
"1013","11266",109
"1014","11651",134
"1015","11652",120
"1016","12119",15
"1017","12120",20
"1018","12127",13
"1019","12128",14
"1020","12169",16
"1021","12170",20
"1022","12179",27
"1023","12180",29
"1024","12195",24
"1025","12196",25
"1026","12197",53
"1027","12198",34
"1028","12363",70
"1029","12364",69
"1030","12383",14
"1031","12384",13
"1032","12411",19
"1033","12412",15
"1034","12415",22
"1035","12416",34
"1036","12459",46
"1037","12460",72
"1038","12481",44
"1039","12482",18
"1040","12527",16
"1041","12528",36
"1042","12529",116
"1043","12530",85
"1044","12531",55
"1045","12532",49
"1046","12677",17
"1047","12678",35
"1048","12679",15
"1049","12680",11
"1050","12705",28
"1051","12706",46
"1052","12743",37
"1053","12744",26
"1054","12795",13
"1055","12796",12
"1056","12855",122
"1057","12856",196
"1058","12891",59
"1059","12892",95
"1060","12893",35
"1061","12894",69
"1062","12929",13
"1063","12930",13
"1064","12935",12
"1065","12936",14
"1066","12991",10
"1067","12992",11
"1068","13011",49
"1069","13012",23
"1070","13225",74
"1071","13226",45
"1072","13227",40
"1073","13228",21
"1074","13233",13
"1075","13234",17
"1076","13235",19
"1077","13236",19
"1078","13241",60
"1079","13242",50
"1080","13243",31
"1081","13244",19
"1082","13249",17
"1083","13250",37
"1084","13303",10
"1085","13304",11
"1086","13305",20
"1087","13306",20
"1088","13319",12
"1089","13320",30
"1090","13331",25
"1091","13332",22
"1092","13343",0
"1093","13344",0
"1094","13345",0
"1095","13346",0
"1096","13401",15
"1097","13402",12
"1098","13409",40
"1099","13410",25
"1100","13465",22
"1101","13466",29
"1102","14101",95
"1103","14102",37
"1104","14109",29
"1105","14110",28
"1106","14123",35
"1107","14124",38
"1108","14203",95
"1109","14204",77
"1110","14209",30
"1111","14210",25
"1112","14211",54
"1113","14212",84
"1114","14213",254
"1115","14214",105
"1116","14315",67
"1117","14316",54
"1118","14323",53
"1119","14324",42
"1120","14521",91
"1121","14522",52
"1122","14525",25
"1123","14526",12
"1124","14681",40
"1125","14682",28
"1126","14705",9
"1127","14706",12
"1128","14711",61
"1129","14712",39
"1130","14819",24
"1131","14820",17
"1132","15059",61
"1133","15060",25
"1134","15069",69
"1135","15070",55
"1136","15081",28
"1137","15082",27
"1138","15103",58
"1139","15104",58
"1140","15105",24
"1141","15106",31
"1142","15107",22
"1143","15108",83
"1144","15111",37
"1145","15112",118
"1146","15201",60
"1147","15202",47
"1148","15215",26
"1149","15216",62
"1150","15463",39
"1151","15464",40
"1152","15549",51
"1153","15550",44
"1154","15555",19
"1155","15556",44
"1156","15603",18
"1157","15604",30
"1158","15713",18
"1159","15714",106
"1160","15719",14
"1161","15720",11
"1162","15767",0
"1163","15768",70
"1164","15769",35
"1165","15770",122
"1166","15771",0
"1167","15772",0
"1168","15815",17
"1169","15816",12
"1170","16205",15
"1171","16206",10
"1172","16305",9
"1173","16306",9
"1174","16341",12
"1175","16342",82
"1176","16579",14
"1177","16580",14
"1178","16721",9
"1179","16722",9
"1180","17009",8
"1181","17010",15
"1182","17011",14
"1183","17012",56
"1184","17639",18
"1185","17640",10
"1186","17641",50
"1187","17642",13
"1188","18007",15
"1189","18008",11
"1190","18107",37
"1191","18108",57
"1192","18301",15
"1193","18302",18
"1194","18303",39
"1195","01607",0
"1196","01610",22
"1197","06171",5
"1198","06172",2
"1199","52103",0
"1200","52104",0
"1201","52105",0
"1202","52106",0
"1203","52153",0
"1204","52154",0
"1205","52155",0
"1206","52156",0
"1207","52157",0
"1208","52158",0
"1209","52159",0
"1210","52160",0
"1211","52161",0
"1212","52162",0
"1213","52163",0
"1214","52164",0
"1215","52451",78
"1216","52452",15
"1217","52453",109
"1218","52454",4
"1219","52455",45
"1220","52456",10
"1221","52457",0
"1222","52458",0
"1223","52461",0
"1224","52462",0
"1225","52463",0
"1226","52464",0
"1227","52465",0
"1228","52466",0
"1229","52467",0
"1230","52468",0
"1231","52469",0
"1232","52470",0
"1233","52471",0
"1234","52472",0
"1235","52473",0
"1236","52474",0
"1237","52475",0
"1238","52476",0
"1239","52538",0
"1240","52539",0
"1241","52540",0
"1242","52541",0
"1243","52542",0
"1244","52544",0
"1245","52545",0
"1246","52546",0
"1247","52559",0
"1248","52587",0
"1249","52588",0
"1250","52590",0
"1251","52591",0
"1252","52592",0
"1253","52593",0
"1254","52594",0
"1255","52595",0
"1256","52596",0
"1257","52597",0
"1258","52598",0
"1259","52599",0
"1260","52966",0
"1261","56136",0
"1262","56137",0
"1263","56138",0
"1264","56139",0
"1265","56140",0
"1266","56141",0
"1267","56142",0
"1268","56143",0
"1269","01615",13
"1270","01616",25
"1271","01625",13
"1272","01626",21
"1273","01883",56
"1274","01884",18
"1275","01885",68
"1276","01886",98
"1277","01887",17
"1278","01888",21
"1279","01889",17
"1280","01890",12
"1281","03081",68
"1282","03082",90
"1283","03377",82
"1284","03378",25
"1285","03389",87
"1286","03390",59
"1287","03393",70
"1288","03394",49
"1289","03407",254
"1290","03408",91
"1291","03463",8
"1292","03464",6
"1293","03521",35
"1294","03522",25
"1295","03525",22
"1296","03526",19
"1297","03527",23
"1298","03528",21
"1299","03618",296
"1300","03629",66
"1301","03630",62
"1302","03767",23
"1303","03768",38
"1304","04107",27
"1305","04108",27
"1306","04767",13
"1307","04770",14
"1308","04773",9
"1309","04774",10
"1310","04793",23
"1311","04794",55
"1312","05189",16
"1313","05190",27
"1314","05381",58
"1315","05382",87
"1316","05395",340
"1317","05396",61
"1318","05411",34
"1319","05412",17
"1320","05425",53
"1321","05426",90
"1322","05539",25
"1323","05540",73
"1324","05549",76
"1325","05550",49
"1326","05601",26
"1327","05602",20
"1328","05605",124
"1329","05606",53
"1330","05607",49
"1331","05608",13
"1332","05659",0
"1333","05660",6
"1334","05687",9
"1335","05688",17
"1336","05693",8
"1337","05694",11
"1338","05701",26
"1339","05702",22
"1340","05705",14
"1341","05706",30
"1342","05711",0
"1343","05712",12
"1344","05713",124
"1345","05714",118
"1346","05717",16
"1347","05718",28
"1348","05727",18
"1349","05728",23
"1350","05729",18
"1351","05730",13
"1352","05749",19
"1353","05750",23
"1354","05751",7
"1355","05752",11
"1356","05753",0
"1357","05754",0
"1358","05755",128
"1359","05756",63
"1360","05823",15
"1361","05824",11
"1362","05861",10
"1363","05862",13
"1364","05915",8
"1365","05916",0
"1366","05917",12
"1367","05918",14
"1368","06411",21
"1369","06412",50
"1370","06647",0
"1371","06648",0
"1372","06919",13
"1373","06920",34
"1374","07274",31
"1375","07275",70
"1376","07577",61
"1377","07578",20
"1378","07583",12
"1379","07584",7
"1380","07588",31
"1381","07594",86
"1382","07595",32
"1383","07598",0
"1384","07599",22
"1385","07718",11
"1386","07719",10
"1387","07720",12
"1388","07721",5
"1389","07970",62
"1390","07971",20
"1391","08155",19
"1392","08156",11
"1393","08212",61
"1394","08269",27
"1395","08270",44
"1396","08271",7
"1397","08272",6
"1398","08275",68
"1399","08276",9
"1400","08277",21
"1401","08278",12
"1402","08279",63
"1403","08280",79
"1404","08281",31
"1405","08282",42
"1406","08283",0
"1407","08284",53
"1408","08285",0
"1409","08286",0
"1410","08317",12
"1411","08318",14
"1412","08407",17
"1413","08408",41
"1414","08423",43
"1415","08424",33
"1416","08441",50
"1417","08442",42
"1418","08443",109
"1419","08444",26
"1420","08503",75
"1421","08504",37
"1422","08531",32
"1423","08532",34
"1424","08533",22
"1425","08534",23
"1426","08545",63
"1427","08546",69
"1428","08551",77
"1429","08552",95
"1430","08607",19
"1431","08608",0
"1432","08617",11
"1433","08618",4
"1434","09071",0
"1435","09072",0
"1436","09164",31
"1437","09169",13
"1438","09170",10
"1439","09181",18
"1440","09182",7
"1441","09475",11
"1442","09476",4
"1443","09481",20
"1444","09482",22
"1445","09483",6
"1446","09484",26
"1447","09503",10
"1448","09504",20
"1449","09506",12
"1450","09507",8
"1451","09531",0
"1452","09532",0
"1453","09549",0
"1454","09550",13
"1455","09567",38
"1456","09568",31
"1457","09571",8
"1458","09572",4
"1459","09573",14
"1460","09574",12
"1461","09577",8
"1462","09578",8
"1463","09581",9
"1464","09582",6
"1465","09583",15
"1466","09584",16
"1467","09587",13
"1468","09588",11
"1469","01575",20
"1470","01580",18
"1471","01588",10
"1472","01589",13
"1473","01870",2
"1474","04913",80
"1475","04936",44
"1476","06736",7
"1477","06737",3
"1478","44002",6
"1479","63548",0
"1480","64514",0
"1481","64515",0
"1482","66011",8
"1483","67266",0
"1484","69104",0
"1485","69143",0
"1486","69144",0
"1487","71112",0
"1488","71113",0
"1489","71116",0
"1490","71117",0
"1491","72171",0
"1492","72172",0
"1493","72173",0
"1494","72174",0
"1495","72175",0
"1496","72176",0
"1497","73430",0
"1498","74601",0
"1499","74602",0
"1500","74603",0
"1501","74604",0
"1502","74605",0
"1503","74606",0
"1504","74607",0
"1505","74608",0
"1506","74626",0
"1507","74627",0
"1508","74628",0
"1509","74629",0
"1510","74630",0
"1511","74631",0
"1512","74632",0
"1513","74633",0
"1514","74634",0
"1515","74635",0
"1516","74636",0
"1517","74637",0
"1518","74638",0
"1519","74639",0
"1520","74640",0
"1521","74643",0
"1522","74644",0
"1523","74647",0
"1524","74648",0
"1525","74651",0
"1526","74658",0
"1527","74671",0
"1528","74675",0
"1529","74684",0
"1530","74801",0
"1531","74802",0
"1532","74803",0
"1533","74804",0
"1534","74805",0
"1535","74806",0
"1536","74807",0
"1537","74808",0
"1538","74809",0
"1539","74810",0
"1540","74811",0
"1541","74812",0
"1542","74813",0
"1543","74814",0
"1544","74815",0
"1545","74816",0
"1546","74817",0
"1547","74818",0
"1548","74831",0
"1549","74832",0
"1550","74837",0
"1551","74838",0
"1552","74839",0
"1553","74840",0
"1554","74843",0
"1555","74844",0
"1556","74903",0
"1557","74904",0
"1558","74909",0
"1559","74910",0
"1560","74914",0
"1561","74915",0
"1562","74916",0
"1563","74917",0
"1564","74918",0
"1565","74919",0
"1566","74920",0
"1567","74923",0
"1568","74931",0
"1569","74932",0
"1570","74933",0
"1571","74934",0
"1572","74935",0
"1573","74936",0
"1574","74937",0
"1575","74938",0
"1576","74939",0
"1577","74940",0
"1578","74941",0
"1579","74942",0
"1580","74943",0
"1581","74944",0
"1582","74945",0
"1583","74946",0
"1584","74947",0
"1585","74948",0
"1586","74951",0
"1587","74952",0
"1588","74954",0
"1589","74962",0
"1590","74963",0
"1591","74972",0
"1592","74975",0
"1593","74978",0
"1594","74982",0
"1595","74983",0
"1596","74985",0
"1597","74986",0
"1598","74988",0
"1599","75719",0
"1600","75720",0
"1601","76503",0
"1602","76504",0
"1603","76505",0
"1604","76506",0
"1605","77216",0
"1606","77219",0
"1607","77221",0
"1608","77222",0
"1609","77223",0
"1610","77224",0
"1611","77225",0
"1612","77226",0
"1613","77227",0
"1614","77228",0
"1615","77229",0
"1616","77230",0
"1617","77231",0
"1618","77235",0
"1619","77238",0
"1620","77239",0
"1621","77255",0
"1622","77256",0
"1623","77261",0
"1624","77265",0
"1625","77269",0
"1626","77271",0
"1627","77272",0
"1628","77601",0
"1629","77602",0
"1630","77605",0
"1631","77606",0
"1632","77607",0
"1633","77608",0
"1634","77609",0
"1635","77610",0
"1636","77616",0
"1637","77619",0
"1638","77630",0
"1639","77631",0
"1640","77632",0
"1641","77633",0
"1642","77634",0
"1643","77635",0
"1644","77638",0
"1645","77640",0
"1646","77641",0
"1647","77642",0
"1648","77643",0
"1649","77645",0
"1650","77647",0
"1651","77649",0
"1652","77671",0
"1653","78511",0
"1654","78512",0
"1655","78513",0
"1656","78514",0
"1657","78515",0
"1658","78516",0
"1659","78517",0
"1660","78518",0
"1661","78519",0
"1662","78520",0
"1663","78801",0
"1664","78802",0
"1665","78812",0
"1666","78814",0
"1667","79413",0
"1668","79414",0
"1669","01401",66
"1670","01402",27
"1671","01404",0
"1672","01413",87
"1673","01414",8
"1674","01461",107
"1675","01462",38
"1676","01463",63
"1677","01464",35
"1678","01511",15
"1679","01512",25
"1680","01513",10
"1681","01521",11
"1682","01522",11
"1683","01525",19
"1684","01530",19
"1685","01533",28
"1686","01535",35
"1687","01536",20
"1688","01537",10
"1689","01538",15
"1690","01543",9
"1691","01544",10
"1692","01547",18
"1693","01548",0
"1694","01769",0
"1695","01770",0
"1696","03455",20
"1697","03456",76
"1698","03633",9
"1699","03634",26
"1700","04023",14
"1701","04024",17
"1702","04025",10
"1703","04026",17
"1704","04029",47
"1705","04030",31
"1706","04041",0
"1707","04042",0
"1708","04093",25
"1709","04094",44
"1710","04097",17
"1711","04098",19
"1712","04099",20
"1713","04100",19
"1714","04331",41
"1715","04344",65
"1716","04499",63
"1717","04500",63
"1718","04689",41
"1719","04690",17
"1720","04747",10
"1721","04748",18
"1722","04749",26
"1723","04750",20
"1724","04751",25
"1725","04752",27
"1726","04801",9
"1727","04802",9
"1728","04827",10
"1729","04828",0
"1730","04853",14
"1731","04854",80
"1732","04901",45
"1733","04902",40
"1734","04905",5
"1735","04906",27
"1736","04912",83
"1737","05229",29
"1738","05230",41
"1739","05233",49
"1740","05234",43
"1741","05235",74
"1742","05236",36
"1743","05237",12
"1744","05238",14
"1745","05427",27
"1746","05428",23
"1747","05437",63
"1748","05438",122
"1749","05517",13
"1750","05518",8
"1751","05519",23
"1752","05520",58
"1753","05525",44
"1754","05526",86
"1755","05543",42
"1756","05544",26
"1757","05545",30
"1758","05546",68
"1759","05547",66
"1760","05548",48
"1761","06389",14
"1762","06390",11
"1763","06511",21
"1764","06512",31
"1765","06513",9
"1766","06514",25
"1767","06571",12
"1768","06572",11
"1769","06583",46
"1770","06584",16
"1771","06595",39
"1772","06596",20
"1773","06627",50
"1774","06628",0
"1775","06629",8
"1776","06630",0
"1777","06733",7
"1778","06734",7
"1779","06816",11
"1780","06827",7
"1781","06828",22
"1782","06829",6
"1783","06830",21
"1784","06831",6
"1785","06832",8
"1786","06833",19
"1787","06834",9
"1788","06835",10
"1789","06836",9
"1790","06837",13
"1791","06838",8
"1792","06839",8
"1793","06840",19
"1794","06871",5
"1795","06876",11
"1796","06880",17
"1797","06887",9
"1798","06888",18
"1799","06891",7
"1800","06892",0
"1801","06895",11
"1802","06896",20
"1803","06897",6
"1804","06898",0
"1805","06925",0
"1806","06926",0
"1807","06927",0
"1808","06928",10
"1809","06929",14
"1810","06930",14
"1811","06931",23
"1812","06932",18
"1813","06933",34
"1814","06934",20
"1815","06935",24
"1816","06936",33
"1817","06937",26
"1818","06938",18
"1819","06941",31
"1820","06942",0
"1821","06943",0
"1822","06944",0
"1823","06947",10
"1824","06948",11
"1825","06949",32
"1826","06950",15
"1827","06951",43
"1828","06952",21
"1829","06955",22
"1830","06956",18
"1831","06957",41
"1832","06960",15
"1833","06963",23
"1834","06964",16
"1835","06965",18
"1836","06966",32
"1837","06967",21
"1838","06968",22
"1839","06969",22
"1840","06970",21
"1841","06971",17
"1842","06972",23
"1843","06973",14
"1844","06974",15
"1845","06975",15
"1846","06976",17
"1847","06977",0
"1848","06978",7
"1849","06979",20
"1850","06980",0
"1851","06981",24
"1852","06982",17
"1853","06983",31
"1854","06984",21
"1855","06985",10
"1856","06986",17
"1857","06987",11
"1858","06988",13
"1859","06989",17
"1860","06990",46
"1861","06991",11
"1862","06992",10
"1863","06993",39
"1864","06994",13
"1865","06995",17
"1866","06996",94
"1867","06997",39
"1868","06998",53
"1869","01153",119
"1870","01154",75
"1871","01155",63
"1872","01156",57
"1873","01203",54
"1874","01204",45
"1875","01303",10
"1876","01304",10
"1877","01307",29
"1878","01308",6
"1879","01309",35
"1880","01310",58
"1881","01313",10
"1882","01314",3
"1883","01315",37
"1884","01316",52
"1885","01359",21
"1886","01360",13
"1887","01361",32
"1888","01375",0
"1889","01376",0
"1890","01377",36
"1891","01378",5
"1892","01524",11
"1893","01763",10
"1894","01764",12
"1895","01765",10
"1896","01766",10
"1897","01773",14
"1898","01775",0
"1899","01825",22
"1900","01826",127
"1901","01827",42
"1902","01828",27
"1903","01891",22
"1904","01892",16
"1905","01904",149
"1906","01909",27
"1907","01910",54
"1908","03237",22
"1909","03238",19
"1910","03333",77
"1911","03334",272
"1912","03359",168
"1913","03360",96
"1914","03381",50
"1915","03382",69
"1916","03385",119
"1917","03386",100
"1918","03573",24
"1919","03574",51
"1920","03593",41
"1921","03594",20
"1922","03649",58
"1923","03650",65
"1924","03675",72
"1925","03676",105
"1926","03677",42
"1927","03678",34
"1928","03769",32
"1929","03770",43
"1930","04013",63
"1931","04019",39
"1932","04020",31
"1933","04103",40
"1934","04104",71
"1935","04105",24
"1936","04106",12
"1937","04127",22
"1938","04128",42
"1939","04139",0
"1940","04140",9
"1941","04147",11
"1942","04148",26
"1943","04149",129
"1944","04156",36
"1945","04157",41
"1946","04159",80
"1947","04160",91
"1948","04161",47
"1949","04162",34
"1950","04163",70
"1951","04164",28
"1952","04176",66
"1953","04179",30
"1954","04180",16
"1955","04185",28
"1956","04186",28
"1957","04193",126
"1958","04194",109
"1959","04287",40
"1960","04288",37
"1961","04289",64
"1962","04290",61
"1963","04295",84
"1964","04298",32
"1965","04453",30
"1966","04567",24
"1967","04568",141
"1968","04577",32
"1969","04578",23
"1970","04579",63
"1971","04580",13
"1972","04581",52
"1973","04582",59
"1974","04584",40
"1975","04588",18
"1976","04589",41
"1977","04590",140
"1978","04591",51
"1979","04592",32
"1980","04593",22
"1981","04594",26
"1982","04595",25
"1983","04596",23
"1984","05169",76
"1985","05170",129
"1986","05245",64
"1987","05246",39
"1988","05505",95
"1989","05506",120
"1990","05553",16
"1991","05554",3
"1992","06393",10
"1993","06394",13
"1994","06401",15
"1995","06402",13
"1996","06417",30
"1997","06418",32
"1998","06436",5
"1999","06441",5
"2000","06442",0
"2001","06515",14
"2002","06516",20
"2003","06525",13
"2004","06526",9
"2005","06527",15
"2006","06528",12
"2007","06529",17
"2008","06530",17
"2009","06532",9
"2010","06533",12
"2011","06534",3
"2012","06535",9
"2013","06536",10
"2014","06537",31
"2015","06538",11
"2016","06539",14
"2017","06540",8
"2018","06551",42
"2019","06552",9
"2020","06561",13
"2021","06562",27
"2022","06573",7
"2023","06574",11
"2024","06579",10
"2025","06580",9
"2026","06591",21
"2027","06592",34
"2028","06593",36
"2029","06594",15
"2030","06603",92
"2031","06604",191
"2032","06607",14
"2033","06608",14
"2034","06613",54
"2035","06614",35
"2036","06615",12
"2037","06616",42
"2038","06617",63
"2039","06618",64
"2040","06621",8
"2041","06622",12
"2042","06625",71
"2043","06626",59
"2044","06661",2
"2045","06666",3
"2046","06721",10
"2047","06722",9
"2048","06725",14
"2049","06726",7
"2050","06727",9
"2051","06728",16
"2052","06735",26
"2053","06738",5
"2054","06743",6
"2055","06744",9
"2056","06745",18
"2057","06746",24
"2058","06747",13
"2059","06748",16
"2060","06750",9
"2061","06751",26
"2062","06753",11
"2063","06754",8
"2064","06763",8
"2065","06764",14
"2066","06765",8
"2067","06766",15
"2068","06768",9
"2069","04178",28
"2070","04408",37
"2071","04416",25
"2072","04421",100
"2073","04907",81
"2074","04908",35
"2075","04909",52
"2076","04910",18
"2077","04911",44
"2078","04914",48
"2079","04915",62
"2080","04916",0
"2081","04919",0
"2082","04920",33
"2083","04921",25
"2084","04927",0
"2085","04928",48
"2086","04929",25
"2087","04930",100
"2088","04931",22
"2089","04932",40
"2090","04933",31
"2091","04934",49
"2092","04935",31
"2093","04937",22
"2094","04938",0
"2095","04939",64
"2096","04940",16
"2097","04941",21
"2098","04942",39
"2099","04943",10
"2100","04945",34
"2101","04946",19
"2102","04950",0
"2103","04951",16
"2104","04952",41
"2105","04953",0
"2106","04954",24
"2107","04955",15
"2108","04956",74
"2109","04957",24
"2110","04958",0
"2111","04959",0
"2112","04960",40
"2113","04961",0
"2114","04965",34
"2115","04966",20
"2116","04967",37
"2117","04968",31
"2118","04996",25
"2119","64001",0
"2120","64002",0
"2121","64003",0
"2122","64004",0
"2123","64011",0
"2124","64012",0
"2125","64013",0
"2126","64014",0
"2127","64015",0
"2128","64016",0
"2129","64017",0
"2130","64018",0
"2131","64019",0
"2132","64031",0
"2133","64032",0
"2134","64034",0
"2135","64036",0
"2136","64051",0
"2137","64052",0
"2138","64053",0
"2139","64055",0
"2140","64057",0
"2141","64061",0
"2142","64062",0
"2143","64064",0
"2144","64071",0
"2145","64073",0
"2146","64074",0
"2147","64075",0
"2148","64076",0
"2149","64077",0
"2150","64078",0
"2151","64080",0
"2152","64082",0
"2153","64084",0
"2154","64087",0
"2155","64088",0
"2156","64089",0
"2157","64090",0
"2158","64091",0
"2159","64092",0
"2160","64093",0
"2161","64094",0
"2162","64095",0
"2163","64096",0
"2164","64097",0
"2165","64098",0
"2166","64101",0
"2167","64102",0
"2168","64103",0
"2169","64104",0
"2170","64105",0
"2171","64106",0
"2172","64107",0
"2173","64108",0
"2174","64109",0
"2175","64110",0
"2176","64111",0
"2177","64112",0
"2178","64113",0
"2179","64114",0
"2180","64167",0
"2181","64168",0
"2182","64401",0
"2183","64402",0
"2184","64403",0
"2185","64404",0
"2186","64406",0
"2187","64407",0
"2188","64408",0
"2189","64409",0
"2190","64410",0
"2191","64411",0
"2192","64412",0
"2193","64414",0
"2194","64415",0
"2195","64417",0
"2196","64418",0
"2197","64419",0
"2198","64420",0
"2199","64421",0
"2200","64422",0
"2201","64423",0
"2202","64424",0
"2203","64425",0
"2204","64426",0
"2205","64427",0
"2206","64428",0
"2207","64429",0
"2208","64430",0
"2209","64431",0
"2210","64432",0
"2211","64433",0
"2212","64434",0
"2213","64437",0
"2214","64439",0
"2215","64441",0
"2216","64443",0
"2217","64445",0
"2218","64449",0
"2219","64450",0
"2220","64451",0
"2221","64452",0
"2222","64453",0
"2223","64454",0
"2224","64461",0
"2225","64462",0
"2226","64463",0
"2227","64464",0
"2228","64465",0
"2229","64466",0
"2230","64469",0
"2231","64470",0
"2232","64471",0
"2233","64472",0
"2234","64491",0
"2235","64492",0
"2236","64496",0
"2237","64901",0
"2238","64902",0
"2239","64903",0
"2240","64904",0
"2241","64905",0
"2242","64906",0
"2243","64908",0
"2244","64910",0
"2245","64953",0
"2246","90001",0
"2247","90002",0
"2248","90003",0
"2249","90004",0
"2250","90006",0
"2251","90007",0
"2252","90008",0
"2253","90009",0
"2254","90011",0
"2255","90012",0
"2256","90013",0
"2257","90014",0
"2258","90015",0
"2259","90016",0
"2260","90017",0
"2261","90018",0
"2262","90019",0
"2263","90020",0
"2264","90021",0
"2265","90022",0
"2266","90023",0
"2267","90024",0
"2268","90025",0
"2269","90026",0
"2270","90027",0
"2271","90028",0
"2272","90029",0
"2273","90030",0
"2274","90031",0
"2275","90032",0
"2276","90033",0
"2277","90034",0
"2278","90037",0
"2279","90038",0
"2280","90039",0
"2281","90040",0
"2282","90041",0
"2283","90042",0
"2284","90043",0
"2285","90044",0
"2286","90045",0
"2287","90046",0
"2288","90047",0
"2289","90048",0
"2290","90049",0
"2291","90051",0
"2292","90052",0
"2293","90053",0
"2294","90054",0
"2295","90055",0
"2296","90057",0
"2297","90058",0
"2298","90059",0
"2299","90060",0
"2300","90061",0
"2301","90062",0
"2302","90063",0
"2303","90064",0
"2304","90065",0
"2305","90066",0
"2306","90067",0
"2307","90068",0
"2308","90069",0
"2309","90070",0
"2310","90071",0
"2311","90072",0
"2312","90073",0
"2313","90074",0
"2314","90075",0
"2315","90076",0
"2316","90077",0
"2317","90078",0
"2318","90080",0
"2319","90081",0
"2320","90082",0
"2321","90083",0
"2322","90084",0
"2323","90085",0
"2324","90086",0
"2325","90087",0
"2326","90088",0
"2327","90089",0
"2328","90090",0
"2329","90091",0
"2330","90092",0
"2331","90093",0
"2332","90094",0
"2333","90096",0
"2334","90097",0
"2335","90098",0
"2336","90099",0
"2337","90100",0
"2338","90101",0
"2339","90102",0
"2340","90103",0
"2341","90104",0
"2342","90105",0
"2343","90106",0
"2344","90107",0
"2345","90109",0
"2346","90110",0
"2347","90111",0
"2348","90112",0
"2349","90113",0
"2350","90115",0
"2351","90116",0
"2352","90117",0
"2353","90118",0
"2354","90119",0
"2355","90121",0
"2356","90122",0
"2357","90123",0
"2358","90124",0
"2359","90125",0
"2360","90126",0
"2361","90127",0
"2362","90128",0
"2363","90129",0
"2364","90130",0
"2365","90132",0
"2366","90133",0
"2367","90134",0
"2368","90135",0
"2369","90136",0
"2370","90137",0
"2371","90138",0
"2372","90139",0
"2373","90140",0
"2374","90141",0
"2375","90142",0
"2376","90143",0
"2377","90144",0
"2378","90145",0
"2379","90146",0
"2380","90147",0
"2381","90149",0
"2382","90150",0
"2383","90151",0
"2384","90152",0
"2385","90153",0
"2386","90154",0
"2387","90155",0
"2388","90156",0
"2389","90157",0
"2390","90158",0
"2391","90159",0
"2392","90160",0
"2393","90161",0
"2394","90162",0
"2395","90163",0
"2396","90165",0
"2397","90166",0
"2398","90167",0
"2399","90168",0
"2400","90169",0
"2401","90170",0
"2402","90171",0
"2403","90172",0
"2404","90173",0
"2405","90174",0
"2406","90175",0
"2407","90176",0
"2408","90177",0
"2409","90178",0
"2410","90179",0
"2411","90180",0
"2412","90181",0
"2413","90182",0
"2414","90183",0
"2415","90184",0
"2416","90185",0
"2417","90186",0
"2418","90187",0
"2419","90188",0
"2420","90189",0
"2421","90190",0
"2422","90191",0
"2423","90192",0
"2424","90193",0
"2425","90194",0
"2426","90196",0
"2427","90197",0
"2428","90199",0
"2429","90200",0
"2430","90201",0
"2431","90202",0
"2432","90203",0
"2433","90204",0
"2434","90205",0
"2435","90206",0
"2436","90207",0
"2437","90208",0
"2438","90209",0
"2439","90210",0
"2440","90211",0
"2441","90213",0
"2442","90214",0
"2443","90215",0
"2444","90216",0
"2445","90217",0
"2446","00068",0
"2447","00069",0
"2448","00117",0
"2449","00118",0
"2450","00119",0
"2451","00120",0
"2452","00121",0
"2453","00242",0
"2454","08135",7
"2455","08136",6
"2456","08139",10
"2457","08140",11
"2458","30111",11
"2459","30112",9
"2460","30116",10
"2461","30121",16
"2462","30122",7
"2463","30123",22
"2464","30128",10
"2465","30135",27
"2466","30142",9
"2467","30145",17
"2468","30152",10
"2469","30154",21
"2470","30211",0
"2471","30311",8
"2472","30312",6
"2473","30313",14
"2474","30314",26
"2475","30317",13
"2476","30321",11
"2477","30322",13
"2478","30324",13
"2479","30331",9
"2480","30332",24
"2481","30333",18
"2482","30342",14
"2483","30344",8
"2484","30346",12
"2485","30351",18
"2486","30353",12
"2487","30357",15
"2488","30358",14
"2489","30361",9
"2490","30411",7
"2491","30412",6
"2492","30416",8
"2493","30451",5
"2494","30511",6
"2495","30552",4
"2496","30711",5
"2497","30712",14
"2498","31051",6
"2499","31053",8
"2500","31055",13
"2501","31111",13
"2502","31112",19
"2503","31151",13
"2504","31152",16
"2505","31191",9
"2506","31192",5
"2507","31211",0
"2508","31212",0
"2509","31213",9
"2510","31214",21
"2511","31215",4
"2512","31216",11
"2513","31217",5
"2514","31218",7
"2515","31219",5
"2516","31220",7
"2517","31221",8
"2518","31222",11
"2519","31223",12
"2520","31224",10
"2521","31225",5
"2522","31226",8
"2523","31227",4
"2524","31228",13
"2525","31229",10
"2526","31230",13
"2527","31231",7
"2528","31232",5
"2529","31233",6
"2530","31234",0
"2531","31235",0
"2532","31236",10
"2533","31237",6
"2534","31238",8
"2535","31239",17
"2536","31240",15
"2537","31261",3
"2538","31311",14
"2539","31312",9
"2540","31313",7
"2541","31314",11
"2542","31315",7
"2543","31316",8
"2544","31317",5
"2545","31318",7
"2546","31319",7
"2547","31320",14
"2548","31321",11
"2549","31322",8
"2550","31323",8
"2551","31324",15
"2552","31325",6
"2553","31326",0
"2554","31327",0
"2555","31328",9
"2556","31329",6
"2557","31330",7
"2558","31331",7
"2559","31332",11
"2560","31333",5
"2561","31334",12
"2562","31335",6
"2563","31336",7
"2564","31337",10
"2565","31338",0
"2566","31339",4
"2567","31341",4
"2568","31411",0
"2569","31412",10
"2570","31413",3
"2571","31414",0
"2572","31415",5
"2573","31416",7
"2574","31417",6
"2575","31418",6
"2576","31420",10
"2577","31421",0
"2578","31422",12
"2579","31423",0
"2580","31424",10
"2581","31425",5
"2582","31426",11
"2583","31427",5
"2584","31428",0
"2585","31429",8
"2586","31430",21
"2587","31431",10
"2588","31432",0
"2589","31433",5
"2590","31434",6
"2591","31435",8
"2592","31436",7
"2593","31437",5
"2594","31438",9
"2595","31439",7
"2596","31440",5
"2597","31441",0
"2598","31442",17
"2599","31443",3
"2600","31444",4
"2601","31445",32
"2602","31446",53
"2603","31447",0
"2604","31448",0
"2605","31450",0
"2606","31471",8
"2607","31511",14
"2608","31512",19
"2609","31513",10
"2610","31514",26
"2611","31515",12
"2612","31516",15
"2613","31517",16
"2614","31518",25
"2615","31519",13
"2616","31520",24
"2617","31521",11
"2618","31522",12
"2619","31523",9
"2620","31524",19
"2621","31525",14
"2622","31526",18
"2623","31527",6
"2624","31528",18
"2625","31529",17
"2626","31530",23
"2627","31531",18
"2628","31532",30
"2629","31533",7
"2630","31534",22
"2631","31535",10
"2632","31536",32
"2633","31537",4
"2634","31538",7
"2635","31539",34
"2636","31540",0
"2637","31541",0
"2638","31542",7
"2639","31571",0
"2640","31584",0
"2641","31585",5
"2642","31586",5
"2643","31601",10
"2644","31602",17
"2645","31611",11
"2646","40001",4
"2647","40002",7
"2648","40003",6
"2649","40004",5
"2650","40005",5
"2651","40006",4
"2652","40007",3
"2653","40008",3
"2654","40009",4
"2655","40010",3
"2656","40011",4
"2657","40012",3
"2658","40013",5
"2659","40014",3
"2660","40015",3
"2661","40016",4
"2662","40017",4
"2663","40018",3
"2664","40019",4
"2665","40020",4
"2666","40021",4
"2667","40022",2
"2668","40023",4
"2669","40024",3
"2670","40025",6
"2671","40026",4
"2672","40027",3
"2673","40028",5
"2674","40029",7
"2675","40030",5
"2676","40031",6
"2677","40032",3
"2678","40033",4
"2679","40034",4
"2680","40035",3
"2681","40036",4
"2682","40037",5
"2683","40038",5
"2684","40039",3
"2685","40040",5
"2686","40041",4
"2687","40042",5
"2688","40043",8
"2689","40044",5
"2690","40045",4
"2691","40046",4
"2692","40047",2
"2693","40048",5
"2694","40049",34
"2695","40050",5
"2696","40051",5
"2697","40052",3
"2698","40053",15
"2699","40054",3
"2700","40055",14
"2701","40056",2
"2702","40057",6
"2703","40058",4
"2704","40059",5
"2705","40060",4
"2706","40061",3
"2707","40062",3
"2708","40063",0
"2709","40065",4
"2710","40066",2
"2711","40067",3
"2712","40068",5
"2713","40069",3
"2714","40070",4
"2715","40071",3
"2716","40072",4
"2717","40073",0
"2718","40074",3
"2719","40075",0
"2720","40076",3
"2721","40077",0
"2722","40078",3
"2723","40079",2
"2724","40080",15
"2725","40081",0
"2726","40082",3
"2727","40083",4
"2728","40084",2
"2729","40085",2
"2730","40086",5
"2731","40087",0
"2732","40088",3
"2733","40089",3
"2734","40090",4
"2735","40091",3
"2736","40092",5
"2737","40093",4
"2738","40094",2
"2739","40095",0
"2740","40096",4
"2741","40097",2
"2742","40098",3
"2743","40099",4
"2744","40100",9
"2745","40101",4
"2746","40102",4
"2747","40103",3
"2748","40104",3
"2749","40105",3
"2750","40106",3
"2751","40107",4
"2752","40108",3
"2753","40109",3
"2754","40110",3
"2755","40111",4
"2756","40112",3
"2757","40113",5
"2758","40114",7
"2759","40115",5
"2760","40116",4
"2761","40117",0
"2762","40118",4
"2763","40119",3
"2764","40120",4
"2765","40121",4
"2766","40122",3
"2767","40123",20
"2768","40124",4
"2769","40125",0
"2770","40126",4
"2771","40127",0
"2772","40128",3
"2773","40129",2
"2774","40130",0
"2775","40131",5
"2776","40132",0
"2777","40133",4
"2778","40134",4
"2779","40135",5
"2780","40136",0
"2781","40137",3
"2782","40138",3
"2783","40139",0
"2784","40140",5
"2785","40141",3
"2786","40142",0
"2787","40143",0
"2788","40144",0
"2789","40145",0
"2790","40146",0
"2791","40147",0
"2792","40148",0
"2793","40149",0
"2794","40150",0
"2795","40151",0
"2796","40152",0
"2797","40153",0
"2798","40154",0
"2799","40155",0
"2800","40156",0
"2801","40157",0
"2802","40158",0
"2803","40159",0
"2804","40203",4
"2805","40204",4
"2806","40301",5
"2807","40302",7
"2808","40303",0
"2809","40304",2
"2810","40305",0
"2811","40306",4
"2812","40307",0
"2813","40308",2
"2814","40309",3
"2815","40310",0
"2816","40311",2
"2817","40312",0
"2818","40313",0
"2819","40314",0
"2820","40315",0
"2821","40316",0
"2822","40317",0
"2823","40318",0
"2824","40319",3
"2825","40320",0
"2826","40321",0
"2827","40322",3
"2828","40323",0
"2829","40324",2
"2830","40325",0
"2831","40326",0
"2832","40327",0
"2833","40328",0
"2834","40329",3
"2835","40330",0
"2836","40331",2
"2837","40332",3
"2838","40333",3
"2839","40334",3
"2840","40335",5
"2841","40336",5
"2842","40337",2
"2843","40338",0
"2844","40339",0
"2845","40340",0
"2846","47100",0
"2847","47101",9
"2848","47102",3
"2849","47103",2
"2850","47104",0
"2851","47105",0
"2852","47106",0
"2853","47107",0
"2854","47108",2
"2855","47109",0
"2856","47110",0
"2857","47111",0
"2858","47112",0
"2859","47113",0
"2860","47114",3
"2861","47115",0
"2862","47116",0
"2863","47117",0
"2864","47118",0
"2865","47119",0
"2866","47120",8
"2867","47121",0
"2868","47122",12
"2869","47123",0
"2870","47124",0
"2871","47125",0
"2872","47126",21
"2873","47127",0
"2874","47128",14
"2875","47129",12
"2876","47130",13
"2877","47131",0
"2878","47132",17
"2879","47133",16
"2880","47134",0
"2881","47135",0
"2882","47136",0
"2883","47137",22
"2884","47138",9
"2885","47139",11
"2886","47140",0
"2887","47141",0
"2888","47142",8
"2889","47143",7
"2890","47144",0
"2891","47145",96
"2892","47146",22
"2893","47147",0
"2894","47148",0
"2895","47149",0
"2896","47150",14
"2897","47151",12
"2898","47152",0
"2899","47153",10
"2900","47154",8
"2901","47155",13
"2902","47156",3
"2903","47157",0
"2904","47158",0
"2905","47159",0
"2906","47160",12
"2907","47161",6
"2908","47162",15
"2909","47163",0
"2910","47164",11
"2911","47165",6
"2912","47166",5
"2913","47167",0
"2914","47168",0
"2915","47169",0
"2916","47170",6
"2917","47171",0
"2918","47172",0
"2919","47173",3
"2920","47174",0
"2921","47175",40
"2922","47176",0
"2923","47177",11
"2924","47178",10
"2925","47179",0
"2926","47180",0
"2927","47181",0
"2928","47182",14
"2929","47183",0
"2930","47184",0
"2931","47185",0
"2932","47186",40
"2933","47187",35
"2934","47188",0
"2935","47189",0
"2936","47190",0
"2937","47191",0
"2938","47192",0
"2939","47193",0
"2940","47194",0
"2941","47195",2
"2942","47196",0
"2943","47197",0
"2944","47198",0
"2945","47199",0
"2946","47200",0
"2947","47201",4
"2948","47202",0
"2949","47203",6
"2950","47204",0
"2951","47205",0
"2952","47206",11
"2953","47207",12
"2954","47208",0
"2955","47209",0
"2956","47210",30
"2957","47211",6
"2958","47212",44
"2959","47213",16
"2960","47214",0
"2961","47215",0
"2962","47216",6
"2963","47217",0
"2964","47218",0
"2965","47219",0
"2966","47220",0
