"","Train#"
"1","12301"
"2","12302"
"3","12305"
"4","12306"
"5","12309"
"6","12310"
"7","12313"
"8","12314"
"9","12423"
"10","12424"
"11","12425"
"12","12426"
"13","12431"
"14","12432"
"15","12433"
"16","12434"
"17","12437"
"18","12438"
"19","12441"
"20","12442"
"21","12453"
"22","12454"
"23","12951"
"24","12952"
"25","12953"
"26","12954"
"27","12957"
"28","12958"
"29","20407"
"30","20408"
"31","20501"
"32","20502"
"33","20503"
"34","20504"
"35","20505"
"36","20506"
"37","20817"
"38","20818"
"39","20839"
"40","20840"
"41","22221"
"42","22222"
"43","22413"
"44","22414"
"45","22691"
"46","22692"
"47","22811"
"48","22812"
"49","22823"
"50","22824"
"51","12001"
"52","12002"
"53","12003"
"54","12004"
"55","12005"
"56","12006"
"57","12007"
"58","12008"
"59","12009"
"60","12010"
"61","12011"
"62","12012"
"63","12013"
"64","12014"
"65","12015"
"66","12016"
"67","12017"
"68","12018"
"69","12019"
"70","12020"
"71","12025"
"72","12026"
"73","12027"
"74","12028"
"75","12029"
"76","12030"
"77","12031"
"78","12032"
"79","12033"
"80","12034"
"81","12039"
"82","12040"
"83","12041"
"84","12042"
"85","12045"
"86","12046"
"87","12049"
"88","12050"
"89","12087"
"90","12088"
"91","12243"
"92","12244"
"93","12277"
"94","12278"
"95","12461"
"96","12462"
"97","20171"
"98","20172"
"99","20173"
"100","20174"
"101","20607"
"102","20608"
"103","20631"
"104","20632"
"105","20633"
"106","20634"
"107","20643"
"108","20644"
"109","20661"
"110","20662"
"111","20665"
"112","20666"
"113","20677"
"114","20678"
"115","20701"
"116","20702"
"117","20703"
"118","20704"
"119","20825"
"120","20826"
"121","20833"
"122","20834"
"123","20835"
"124","20836"
"125","20897"
"126","20898"
"127","20901"
"128","20902"
"129","20911"
"130","20912"
"131","20977"
"132","20978"
"133","20979"
"134","20980"
"135","22223"
"136","22224"
"137","22225"
"138","22226"
"139","22227"
"140","22228"
"141","22229"
"142","22230"
"143","22301"
"144","22302"
"145","22347"
"146","22348"
"147","22349"
"148","22350"
"149","22435"
"150","22436"
"151","22439"
"152","22440"
"153","22447"
"154","22448"
"155","22457"
"156","22458"
"157","22549"
"158","22550"
"159","22895"
"160","22896"
"161","22925"
"162","22926"
"163","12213"
"164","12214"
"165","12219"
"166","12220"
"167","12221"
"168","12222"
"169","12223"
"170","12224"
"171","12227"
"172","12228"
"173","12239"
"174","12240"
"175","12245"
"176","12246"
"177","12259"
"178","12260"
"179","12261"
"180","12262"
"181","12263"
"182","12264"
"183","12265"
"184","12266"
"185","12267"
"186","12268"
"187","12269"
"188","12270"
"189","12273"
"190","12274"
"191","12281"
"192","12282"
"193","12283"
"194","12284"
"195","12285"
"196","12286"
"197","12289"
"198","12290"
"199","12293"
"200","12294"
"201","12297"
"202","12298"
"203","22201"
"204","22202"
"205","22203"
"206","22204"
"207","22209"
"208","22210"
"209","22213"
"210","22214"
"211","12113"
"212","12114"
"213","12187"
"214","12188"
"215","12201"
"216","12202"
"217","12203"
"218","12204"
"219","12207"
"220","12208"
"221","12209"
"222","12210"
"223","12211"
"224","12212"
"225","12215"
"226","12216"
"227","12257"
"228","12258"
"229","12359"
"230","12360"
"231","12435"
"232","12436"
"233","12535"
"234","12536"
"235","12593"
"236","12594"
"237","12611"
"238","12612"
"239","12735"
"240","12736"
"241","12739"
"242","12740"
"243","12877"
"244","12878"
"245","12881"
"246","12882"
"247","12909"
"248","12910"
"249","12983"
"250","12984"
"251","22405"
"252","22406"
"253","22407"
"254","22408"
"255","22409"
"256","22410"
"257","22883"
"258","22884"
"259","04071"
"260","05615"
"261","05616"
"262","05733"
"263","05734"
"264","09183"
"265","09184"
"266","13107"
"267","13108"
"268","13109"
"269","13110"
"270","13129"
"271","13130"
"272","13131"
"273","13132"
"274","14805"
"275","14806"
"276","15887"
"277","15888"
"278","01055"
"279","01127"
"280","01128"
"281","01921"
"282","01922"
"283","02023"
"284","02024"
"285","02101"
"286","02131"
"287","02132"
"288","02133"
"289","02134"
"290","02185"
"291","02186"
"292","02188"
"293","02197"
"294","02198"
"295","02501"
"296","02502"
"297","02575"
"298","02576"
"299","02837"
"300","02838"
"301","02848"
"302","03225"
"303","03245"
"304","03246"
"305","03251"
"306","03252"
"307","03259"
"308","03260"
"309","04049"
"310","04050"
"311","04079"
"312","04080"
"313","04081"
"314","04082"
"315","04121"
"316","04122"
"317","04151"
"318","04152"
"319","06041"
"320","06042"
"321","06049"
"322","06050"
"323","07115"
"324","07116"
"325","08186"
"326","09008"
"327","09053"
"328","09117"
"329","09118"
"330","09129"
"331","09130"
"332","09321"
"333","09322"
"334","09343"
"335","09344"
"336","09435"
"337","09436"
"338","09455"
"339","09456"
"340","09715"
"341","09716"
"342","09721"
"343","09722"
"344","12101"
"345","12102"
"346","12103"
"347","12104"
"348","12105"
"349","12106"
"350","12107"
"351","12108"
"352","12109"
"353","12110"
"354","12111"
"355","12112"
"356","12115"
"357","12116"
"358","12119"
"359","12120"
"360","12123"
"361","12124"
"362","12125"
"363","12126"
"364","12127"
"365","12128"
"366","12129"
"367","12130"
"368","12131"
"369","12132"
"370","12133"
"371","12134"
"372","12135"
"373","12136"
"374","12137"
"375","12138"
"376","12139"
"377","12140"
"378","12141"
"379","12142"
"380","12143"
"381","12144"
"382","12145"
"383","12146"
"384","12147"
"385","12148"
"386","12149"
"387","12150"
"388","12151"
"389","12152"
"390","12153"
"391","12154"
"392","12155"
"393","12156"
"394","12157"
"395","12158"
"396","12159"
"397","12160"
"398","12161"
"399","12162"
"400","12163"
"401","12164"
"402","12165"
"403","12166"
"404","12167"
"405","12168"
"406","12169"
"407","12170"
"408","12173"
"409","12174"
"410","12175"
"411","12176"
"412","12177"
"413","12178"
"414","12179"
"415","12180"
"416","12181"
"417","12182"
"418","12183"
"419","12184"
"420","12185"
"421","12186"
"422","12189"
"423","12190"
"424","12191"
"425","12192"
"426","12193"
"427","12194"
"428","12195"
"429","12196"
"430","12197"
"431","12198"
"432","12225"
"433","12226"
"434","12229"
"435","12230"
"436","12231"
"437","12232"
"438","12237"
"439","12238"
"440","12241"
"441","12242"
"442","12251"
"443","12252"
"444","12253"
"445","12254"
"446","12279"
"447","12280"
"448","12291"
"449","12292"
"450","12295"
"451","12296"
"452","12303"
"453","12304"
"454","12307"
"455","12308"
"456","12311"
"457","12312"
"458","12315"
"459","12316"
"460","12317"
"461","12318"
"462","12319"
"463","12320"
"464","12321"
"465","12322"
"466","12323"
"467","12324"
"468","12325"
"469","12326"
"470","12327"
"471","12328"
"472","12331"
"473","12332"
"474","12333"
"475","12334"
"476","12335"
"477","12336"
"478","01025"
"479","01026"
"480","01027"
"481","01028"
"482","01066"
"483","01139"
"484","01140"
"485","01151"
"486","01152"
"487","01165"
"488","01166"
"489","01167"
"490","01168"
"491","01169"
"492","01170"
"493","01171"
"494","01172"
"495","01185"
"496","01186"
"497","01187"
"498","01188"
"499","01423"
"500","01424"
"501","01438"
"502","01439"
"503","01440"
"504","01595"
"505","01596"
"506","01611"
"507","01612"
"508","01619"
"509","01620"
"510","01622"
"511","01623"
"512","01653"
"513","01654"
"514","01661"
"515","01662"
"516","01665"
"517","01666"
"518","01705"
"519","01706"
"520","01823"
"521","01824"
"522","01861"
"523","01862"
"524","01867"
"525","01868"
"526","01869"
"527","01901"
"528","01902"
"529","01907"
"530","01908"
"531","02200"
"532","02831"
"533","02832"
"534","02847"
"535","02897"
"536","02898"
"537","03215"
"538","03216"
"539","03226"
"540","03229"
"541","03230"
"542","03247"
"543","03248"
"544","03357"
"545","03358"
"546","03369"
"547","03370"
"548","03461"
"549","03462"
"550","03467"
"551","03468"
"552","03477"
"553","03478"
"554","03491"
"555","03492"
"556","03493"
"557","03494"
"558","03495"
"559","03496"
"560","03497"
"561","03498"
"562","03605"
"563","03606"
"564","03617"
"565","03619"
"566","03620"
"567","03637"
"568","03638"
"569","04101"
"570","04102"
"571","04119"
"572","04120"
"573","04143"
"574","04144"
"575","04153"
"576","04154"
"577","04169"
"578","04170"
"579","04173"
"580","04174"
"581","04241"
"582","04242"
"583","04247"
"584","04248"
"585","04251"
"586","04252"
"587","04253"
"588","04254"
"589","04255"
"590","04256"
"591","04257"
"592","04258"
"593","04259"
"594","04260"
"595","04279"
"596","04282"
"597","04283"
"598","04285"
"599","04286"
"600","04319"
"601","04320"
"602","04349"
"603","04350"
"604","04351"
"605","04352"
"606","04353"
"607","04354"
"608","04355"
"609","04356"
"610","04357"
"611","04358"
"612","04359"
"613","04360"
"614","04361"
"615","04362"
"616","04363"
"617","04364"
"618","04365"
"619","04366"
"620","04367"
"621","04368"
"622","04375"
"623","04376"
"624","04377"
"625","04378"
"626","04379"
"627","04380"
"628","04385"
"629","04386"
"630","04391"
"631","04392"
"632","04393"
"633","04394"
"634","04397"
"635","04398"
"636","04399"
"637","04400"
"638","04454"
"639","04509"
"640","04510"
"641","04521"
"642","04522"
"643","04531"
"644","04547"
"645","04548"
"646","04549"
"647","04550"
"648","04551"
"649","04552"
"650","04555"
"651","04556"
"652","04599"
"653","04600"
"654","04693"
"655","04694"
"656","04695"
"657","04696"
"658","04705"
"659","04706"
"660","04711"
"661","04712"
"662","04713"
"663","04714"
"664","04743"
"665","04744"
"666","04745"
"667","04746"
"668","04771"
"669","04772"
"670","04783"
"671","04784"
"672","04809"
"673","04810"
"674","04813"
"675","04962"
"676","04969"
"677","04971"
"678","12121"
"679","12122"
"680","12217"
"681","12218"
"682","12329"
"683","12330"
"684","12445"
"685","12446"
"686","12447"
"687","12448"
"688","12449"
"689","12450"
"690","12463"
"691","12463-Slip"
"692","12464"
"693","12501"
"694","12502"
"695","12565"
"696","12566"
"697","12629"
"698","12630"
"699","12649"
"700","12650"
"701","12651"
"702","12652"
"703","12707"
"704","12708"
"705","12753"
"706","12754"
"707","12819"
"708","12820"
"709","12823"
"710","12824"
"711","12825"
"712","12826"
"713","12907"
"714","12908"
"715","12917"
"716","12918"
"717","14037"
"718","14038"
"719","15035"
"720","15035-Slip"
"721","15036"
"722","20945"
"723","20946"
"724","22464"
"725","22685"
"726","22686"
"727","25036"
"728","22119"
"729","22120"
"730","22425"
"731","22426"
"732","22671"
"733","22672"
"734","82501"
"735","82502"
"736","82901"
"737","82902"
"738","02517"
"739","02518"
"740","02809"
"741","02810"
"742","03241"
"743","03242"
"744","04043"
"745","04044"
"746","07481"
"747","07482"
"748","12171"
"749","12172"
"750","12247"
"751","12248"
"752","12401"
"753","12402"
"754","12429"
"755","12430"
"756","12519"
"757","12520"
"758","12551"
"759","12552"
"760","12773"
"761","12774"
"762","12775"
"763","12776"
"764","12783"
"765","12784"
"766","22115"
"767","22116"
"768","22117"
"769","22118"
"770","22121"
"771","22122"
"772","22123"
"773","22124"
"774","22125"
"775","22126"
"776","22207"
"777","22208"
"778","22401"
"779","22402"
"780","22411"
"781","22412"
"782","22461"
"783","22462"
"784","22475"
"785","22476"
"786","22631"
"787","22632"
"788","22677"
"789","22678"
"790","22807"
"791","22808"
"792","22837"
"793","22838"
"794","22863"
"795","22864"
"796","22903"
"797","22904"
"798","12597"
"799","12598"
"800","15101"
"801","15102"
"802","15267"
"803","15268"
"804","15547"
"805","15548"
"806","15551"
"807","15552"
"808","15559"
"809","15560"
"810","16355"
"811","16356"
"812","20691"
"813","20692"
"814","22551"
"815","22552"
"816","22563"
"817","22564"
"818","22841"
"819","22842"
"820","22877"
"821","22878"
"822","22921"
"823","22922"
"824","04651"
"825","04652"
"826","12235"
"827","12236"
"828","12275"
"829","12276"
"830","12349"
"831","12350"
"832","12503"
"833","12504"
"834","12571"
"835","12572"
"836","12595"
"837","12596"
"838","12751"
"839","12752"
"840","15705"
"841","15706"
"842","16319"
"843","16320"
"844","19091"
"845","19092"
"846","19667"
"847","19668"
"848","19669"
"849","19670"
"850","20481"
"851","20482"
"852","20821"
"853","20822"
"854","20827"
"855","20828"
"856","20889"
"857","20890"
"858","20915"
"859","20916"
"860","20917"
"861","20918"
"862","20923"
"863","20924"
"864","20943"
"865","20944"
"866","20973"
"867","20974"
"868","22139"
"869","22140"
"870","22141"
"871","22142"
"872","22169"
"873","22170"
"874","22171"
"875","22172"
"876","22317"
"877","22318"
"878","22353"
"879","22354"
"880","22437"
"881","22438"
"882","22459"
"883","22460"
"884","22497"
"885","22498"
"886","22705"
"887","22706"
"888","22833"
"889","22834"
"890","22867"
"891","22868"
"892","22913"
"893","22914"
"894","22919"
"895","22920"
"896","22923"
"897","22924"
"898","22985"
"899","22986"
"900","22665"
"901","22666"
"902","22701"
"903","22702"
"904","01135"
"905","01136"
"906","01272"
"907","03213"
"908","03214"
"909","03571"
"910","03572"
"911","04296"
"912","04297"
"913","05913"
"914","05914"
"915","06145"
"916","07331"
"917","07332"
"918","07507"
"919","07508"
"920","07513"
"921","07514"
"922","09465"
"923","09466"
"924","11807"
"925","11808"
"926","19435"
"927","19436"
"928","22199"
"929","22200"
"930","12021"
"931","12022"
"932","12023"
"933","12024"
"934","12051"
"935","12052"
"936","12053"
"937","12054"
"938","12055"
"939","12056"
"940","12057"
"941","12058"
"942","12059"
"943","12060"
"944","12061"
"945","12062"
"946","12063"
"947","12064"
"948","12065"
"949","12066"
"950","12067"
"951","12068"
"952","12069"
"953","12070"
"954","12071"
"955","12072"
"956","12073"
"957","12074"
"958","12075"
"959","12076"
"960","12077"
"961","12078"
"962","12079"
"963","12080"
"964","12081"
"965","12082"
"966","12083"
"967","12084"
"968","12089"
"969","12090"
"970","12091"
"971","12092"
"972","12097"
"973","12098"
"974","12365"
"975","12366"
"976","15125"
"977","15126"
"978","20947"
"979","20948"
"980","20949"
"981","20950"
"982","82355"
"983","82356"
"984","11099"
"985","12583"
"986","12584"
"987","12931"
"988","12932"
"989","12985"
"990","12986"
"991","22625"
"992","22626"
"993","22707"
"994","22708"
"995","04279"
"996","04282"
"997","04359"
"998","04360"
"999","04599"
"1000","04600"
"1001","04743"
"1002","04744"
"1003","04745"
"1004","04746"
"1005","06429"
"1006","06430"
"1007","06534"
"1008","07329"
"1009","07330"
"1010","11109"
"1011","11110"
"1012","11265"
"1013","11266"
"1014","11651"
"1015","11652"
"1016","12119"
"1017","12120"
"1018","12127"
"1019","12128"
"1020","12169"
"1021","12170"
"1022","12179"
"1023","12180"
"1024","12195"
"1025","12196"
"1026","12197"
"1027","12198"
"1028","12363"
"1029","12364"
"1030","12383"
"1031","12384"
"1032","12411"
"1033","12412"
"1034","12415"
"1035","12416"
"1036","12459"
"1037","12460"
"1038","12481"
"1039","12482"
"1040","12527"
"1041","12528"
"1042","12529"
"1043","12530"
"1044","12531"
"1045","12532"
"1046","12677"
"1047","12678"
"1048","12679"
"1049","12680"
"1050","12705"
"1051","12706"
"1052","12743"
"1053","12744"
"1054","12795"
"1055","12796"
"1056","12855"
"1057","12856"
"1058","12891"
"1059","12892"
"1060","12893"
"1061","12894"
"1062","12929"
"1063","12930"
"1064","12935"
"1065","12936"
"1066","12991"
"1067","12992"
"1068","13011"
"1069","13012"
"1070","13225"
"1071","13226"
"1072","13227"
"1073","13228"
"1074","13233"
"1075","13234"
"1076","13235"
"1077","13236"
"1078","13241"
"1079","13242"
"1080","13243"
"1081","13244"
"1082","13249"
"1083","13250"
"1084","13303"
"1085","13304"
"1086","13305"
"1087","13306"
"1088","13319"
"1089","13320"
"1090","13331"
"1091","13332"
"1092","13343"
"1093","13344"
"1094","13345"
"1095","13346"
"1096","13401"
"1097","13402"
"1098","13409"
"1099","13410"
"1100","13465"
"1101","13466"
"1102","14101"
"1103","14102"
"1104","14109"
"1105","14110"
"1106","14123"
"1107","14124"
"1108","14203"
"1109","14204"
"1110","14209"
"1111","14210"
"1112","14211"
"1113","14212"
"1114","14213"
"1115","14214"
"1116","14315"
"1117","14316"
"1118","14323"
"1119","14324"
"1120","14521"
"1121","14522"
"1122","14525"
"1123","14526"
"1124","14681"
"1125","14682"
"1126","14705"
"1127","14706"
"1128","14711"
"1129","14712"
"1130","14819"
"1131","14820"
"1132","15059"
"1133","15060"
"1134","15069"
"1135","15070"
"1136","15081"
"1137","15082"
"1138","15103"
"1139","15104"
"1140","15105"
"1141","15106"
"1142","15107"
"1143","15108"
"1144","15111"
"1145","15112"
"1146","15201"
"1147","15202"
"1148","15215"
"1149","15216"
"1150","15463"
"1151","15464"
"1152","15549"
"1153","15550"
"1154","15555"
"1155","15556"
"1156","15603"
"1157","15604"
"1158","15713"
"1159","15714"
"1160","15719"
"1161","15720"
"1162","15767"
"1163","15768"
"1164","15769"
"1165","15770"
"1166","15771"
"1167","15772"
"1168","15815"
"1169","15816"
"1170","16205"
"1171","16206"
"1172","16305"
"1173","16306"
"1174","16341"
"1175","16342"
"1176","16579"
"1177","16580"
"1178","16721"
"1179","16722"
"1180","17009"
"1181","17010"
"1182","17011"
"1183","17012"
"1184","17639"
"1185","17640"
"1186","17641"
"1187","17642"
"1188","18007"
"1189","18008"
"1190","18107"
"1191","18108"
"1192","18301"
"1193","18302"
"1194","18303"
"1195","01607"
"1196","01610"
"1197","06171"
"1198","06172"
"1199","52103"
"1200","52104"
"1201","52105"
"1202","52106"
"1203","52153"
"1204","52154"
"1205","52155"
"1206","52156"
"1207","52157"
"1208","52158"
"1209","52159"
"1210","52160"
"1211","52161"
"1212","52162"
"1213","52163"
"1214","52164"
"1215","52451"
"1216","52452"
"1217","52453"
"1218","52454"
"1219","52455"
"1220","52456"
"1221","52457"
"1222","52458"
"1223","52461"
"1224","52462"
"1225","52463"
"1226","52464"
"1227","52465"
"1228","52466"
"1229","52467"
"1230","52468"
"1231","52469"
"1232","52470"
"1233","52471"
"1234","52472"
"1235","52473"
"1236","52474"
"1237","52475"
"1238","52476"
"1239","52538"
"1240","52539"
"1241","52540"
"1242","52541"
"1243","52542"
"1244","52544"
"1245","52545"
"1246","52546"
"1247","52559"
"1248","52587"
"1249","52588"
"1250","52590"
"1251","52591"
"1252","52592"
"1253","52593"
"1254","52594"
"1255","52595"
"1256","52596"
"1257","52597"
"1258","52598"
"1259","52599"
"1260","52966"
"1261","56136"
"1262","56137"
"1263","56138"
"1264","56139"
"1265","56140"
"1266","56141"
"1267","56142"
"1268","56143"
"1269","01615"
"1270","01616"
"1271","01625"
"1272","01626"
"1273","01883"
"1274","01884"
"1275","01885"
"1276","01886"
"1277","01887"
"1278","01888"
"1279","01889"
"1280","01890"
"1281","03081"
"1282","03082"
"1283","03377"
"1284","03378"
"1285","03389"
"1286","03390"
"1287","03393"
"1288","03394"
"1289","03407"
"1290","03408"
"1291","03463"
"1292","03464"
"1293","03521"
"1294","03522"
"1295","03525"
"1296","03526"
"1297","03527"
"1298","03528"
"1299","03618"
"1300","03629"
"1301","03630"
"1302","03767"
"1303","03768"
"1304","04107"
"1305","04108"
"1306","04767"
"1307","04770"
"1308","04773"
"1309","04774"
"1310","04793"
"1311","04794"
"1312","05189"
"1313","05190"
"1314","05381"
"1315","05382"
"1316","05395"
"1317","05396"
"1318","05411"
"1319","05412"
"1320","05425"
"1321","05426"
"1322","05539"
"1323","05540"
"1324","05549"
"1325","05550"
"1326","05601"
"1327","05602"
"1328","05605"
"1329","05606"
"1330","05607"
"1331","05608"
"1332","05659"
"1333","05660"
"1334","05687"
"1335","05688"
"1336","05693"
"1337","05694"
"1338","05701"
"1339","05702"
"1340","05705"
"1341","05706"
"1342","05711"
"1343","05712"
"1344","05713"
"1345","05714"
"1346","05717"
"1347","05718"
"1348","05727"
"1349","05728"
"1350","05729"
"1351","05730"
"1352","05749"
"1353","05750"
"1354","05751"
"1355","05752"
"1356","05753"
"1357","05754"
"1358","05755"
"1359","05756"
"1360","05823"
"1361","05824"
"1362","05861"
"1363","05862"
"1364","05915"
"1365","05916"
"1366","05917"
"1367","05918"
"1368","06411"
"1369","06412"
"1370","06647"
"1371","06648"
"1372","06919"
"1373","06920"
"1374","07274"
"1375","07275"
"1376","07577"
"1377","07578"
"1378","07583"
"1379","07584"
"1380","07588"
"1381","07594"
"1382","07595"
"1383","07598"
"1384","07599"
"1385","07718"
"1386","07719"
"1387","07720"
"1388","07721"
"1389","07970"
"1390","07971"
"1391","08155"
"1392","08156"
"1393","08212"
"1394","08269"
"1395","08270"
"1396","08271"
"1397","08272"
"1398","08275"
"1399","08276"
"1400","08277"
"1401","08278"
"1402","08279"
"1403","08280"
"1404","08281"
"1405","08282"
"1406","08283"
"1407","08284"
"1408","08285"
"1409","08286"
"1410","08317"
"1411","08318"
"1412","08407"
"1413","08408"
"1414","08423"
"1415","08424"
"1416","08441"
"1417","08442"
"1418","08443"
"1419","08444"
"1420","08503"
"1421","08504"
"1422","08531"
"1423","08532"
"1424","08533"
"1425","08534"
"1426","08545"
"1427","08546"
"1428","08551"
"1429","08552"
"1430","08607"
"1431","08608"
"1432","08617"
"1433","08618"
"1434","09071"
"1435","09072"
"1436","09164"
"1437","09169"
"1438","09170"
"1439","09181"
"1440","09182"
"1441","09475"
"1442","09476"
"1443","09481"
"1444","09482"
"1445","09483"
"1446","09484"
"1447","09503"
"1448","09504"
"1449","09506"
"1450","09507"
"1451","09531"
"1452","09532"
"1453","09549"
"1454","09550"
"1455","09567"
"1456","09568"
"1457","09571"
"1458","09572"
"1459","09573"
"1460","09574"
"1461","09577"
"1462","09578"
"1463","09581"
"1464","09582"
"1465","09583"
"1466","09584"
"1467","09587"
"1468","09588"
"1469","01575"
"1470","01580"
"1471","01588"
"1472","01589"
"1473","01870"
"1474","04913"
"1475","04936"
"1476","06736"
"1477","06737"
"1478","44002"
"1479","63548"
"1480","64514"
"1481","64515"
"1482","66011"
"1483","67266"
"1484","69104"
"1485","69143"
"1486","69144"
"1487","71112"
"1488","71113"
"1489","71116"
"1490","71117"
"1491","72171"
"1492","72172"
"1493","72173"
"1494","72174"
"1495","72175"
"1496","72176"
"1497","73430"
"1498","74601"
"1499","74602"
"1500","74603"
"1501","74604"
"1502","74605"
"1503","74606"
"1504","74607"
"1505","74608"
"1506","74626"
"1507","74627"
"1508","74628"
"1509","74629"
"1510","74630"
"1511","74631"
"1512","74632"
"1513","74633"
"1514","74634"
"1515","74635"
"1516","74636"
"1517","74637"
"1518","74638"
"1519","74639"
"1520","74640"
"1521","74643"
"1522","74644"
"1523","74647"
"1524","74648"
"1525","74651"
"1526","74658"
"1527","74671"
"1528","74675"
"1529","74684"
"1530","74801"
"1531","74802"
"1532","74803"
"1533","74804"
"1534","74805"
"1535","74806"
"1536","74807"
"1537","74808"
"1538","74809"
"1539","74810"
"1540","74811"
"1541","74812"
"1542","74813"
"1543","74814"
"1544","74815"
"1545","74816"
"1546","74817"
"1547","74818"
"1548","74831"
"1549","74832"
"1550","74837"
"1551","74838"
"1552","74839"
"1553","74840"
"1554","74843"
"1555","74844"
"1556","74903"
"1557","74904"
"1558","74909"
"1559","74910"
"1560","74914"
"1561","74915"
"1562","74916"
"1563","74917"
"1564","74918"
"1565","74919"
"1566","74920"
"1567","74923"
"1568","74931"
"1569","74932"
"1570","74933"
"1571","74934"
"1572","74935"
"1573","74936"
"1574","74937"
"1575","74938"
"1576","74939"
"1577","74940"
"1578","74941"
"1579","74942"
"1580","74943"
"1581","74944"
"1582","74945"
"1583","74946"
"1584","74947"
"1585","74948"
"1586","74951"
"1587","74952"
"1588","74954"
"1589","74962"
"1590","74963"
"1591","74972"
"1592","74975"
"1593","74978"
"1594","74982"
"1595","74983"
"1596","74985"
"1597","74986"
"1598","74988"
"1599","75719"
"1600","75720"
"1601","76503"
"1602","76504"
"1603","76505"
"1604","76506"
"1605","77216"
"1606","77219"
"1607","77221"
"1608","77222"
"1609","77223"
"1610","77224"
"1611","77225"
"1612","77226"
"1613","77227"
"1614","77228"
"1615","77229"
"1616","77230"
"1617","77231"
"1618","77235"
"1619","77238"
"1620","77239"
"1621","77255"
"1622","77256"
"1623","77261"
"1624","77265"
"1625","77269"
"1626","77271"
"1627","77272"
"1628","77601"
"1629","77602"
"1630","77605"
"1631","77606"
"1632","77607"
"1633","77608"
"1634","77609"
"1635","77610"
"1636","77616"
"1637","77619"
"1638","77630"
"1639","77631"
"1640","77632"
"1641","77633"
"1642","77634"
"1643","77635"
"1644","77638"
"1645","77640"
"1646","77641"
"1647","77642"
"1648","77643"
"1649","77645"
"1650","77647"
"1651","77649"
"1652","77671"
"1653","78511"
"1654","78512"
"1655","78513"
"1656","78514"
"1657","78515"
"1658","78516"
"1659","78517"
"1660","78518"
"1661","78519"
"1662","78520"
"1663","78801"
"1664","78802"
"1665","78812"
"1666","78814"
"1667","79413"
"1668","79414"
"1669","01401"
"1670","01402"
"1671","01404"
"1672","01413"
"1673","01414"
"1674","01461"
"1675","01462"
"1676","01463"
"1677","01464"
"1678","01511"
"1679","01512"
"1680","01513"
"1681","01521"
"1682","01522"
"1683","01525"
"1684","01530"
"1685","01533"
"1686","01535"
"1687","01536"
"1688","01537"
"1689","01538"
"1690","01543"
"1691","01544"
"1692","01547"
"1693","01548"
"1694","01769"
"1695","01770"
"1696","03455"
"1697","03456"
"1698","03633"
"1699","03634"
"1700","04023"
"1701","04024"
"1702","04025"
"1703","04026"
"1704","04029"
"1705","04030"
"1706","04041"
"1707","04042"
"1708","04093"
"1709","04094"
"1710","04097"
"1711","04098"
"1712","04099"
"1713","04100"
"1714","04331"
"1715","04344"
"1716","04499"
"1717","04500"
"1718","04689"
"1719","04690"
"1720","04747"
"1721","04748"
"1722","04749"
"1723","04750"
"1724","04751"
"1725","04752"
"1726","04801"
"1727","04802"
"1728","04827"
"1729","04828"
"1730","04853"
"1731","04854"
"1732","04901"
"1733","04902"
"1734","04905"
"1735","04906"
"1736","04912"
"1737","05229"
"1738","05230"
"1739","05233"
"1740","05234"
"1741","05235"
"1742","05236"
"1743","05237"
"1744","05238"
"1745","05427"
"1746","05428"
"1747","05437"
"1748","05438"
"1749","05517"
"1750","05518"
"1751","05519"
"1752","05520"
"1753","05525"
"1754","05526"
"1755","05543"
"1756","05544"
"1757","05545"
"1758","05546"
"1759","05547"
"1760","05548"
"1761","06389"
"1762","06390"
"1763","06511"
"1764","06512"
"1765","06513"
"1766","06514"
"1767","06571"
"1768","06572"
"1769","06583"
"1770","06584"
"1771","06595"
"1772","06596"
"1773","06627"
"1774","06628"
"1775","06629"
"1776","06630"
"1777","06733"
"1778","06734"
"1779","06816"
"1780","06827"
"1781","06828"
"1782","06829"
"1783","06830"
"1784","06831"
"1785","06832"
"1786","06833"
"1787","06834"
"1788","06835"
"1789","06836"
"1790","06837"
"1791","06838"
"1792","06839"
"1793","06840"
"1794","06871"
"1795","06876"
"1796","06880"
"1797","06887"
"1798","06888"
"1799","06891"
"1800","06892"
"1801","06895"
"1802","06896"
"1803","06897"
"1804","06898"
"1805","06925"
"1806","06926"
"1807","06927"
"1808","06928"
"1809","06929"
"1810","06930"
"1811","06931"
"1812","06932"
"1813","06933"
"1814","06934"
"1815","06935"
"1816","06936"
"1817","06937"
"1818","06938"
"1819","06941"
"1820","06942"
"1821","06943"
"1822","06944"
"1823","06947"
"1824","06948"
"1825","06949"
"1826","06950"
"1827","06951"
"1828","06952"
"1829","06955"
"1830","06956"
"1831","06957"
"1832","06960"
"1833","06963"
"1834","06964"
"1835","06965"
"1836","06966"
"1837","06967"
"1838","06968"
"1839","06969"
"1840","06970"
"1841","06971"
"1842","06972"
"1843","06973"
"1844","06974"
"1845","06975"
"1846","06976"
"1847","06977"
"1848","06978"
"1849","06979"
"1850","06980"
"1851","06981"
"1852","06982"
"1853","06983"
"1854","06984"
"1855","06985"
"1856","06986"
"1857","06987"
"1858","06988"
"1859","06989"
"1860","06990"
"1861","06991"
"1862","06992"
"1863","06993"
"1864","06994"
"1865","06995"
"1866","06996"
"1867","06997"
"1868","06998"
"1869","01153"
"1870","01154"
"1871","01155"
"1872","01156"
"1873","01203"
"1874","01204"
"1875","01303"
"1876","01304"
"1877","01307"
"1878","01308"
"1879","01309"
"1880","01310"
"1881","01313"
"1882","01314"
"1883","01315"
"1884","01316"
"1885","01359"
"1886","01360"
"1887","01361"
"1888","01375"
"1889","01376"
"1890","01377"
"1891","01378"
"1892","01524"
"1893","01763"
"1894","01764"
"1895","01765"
"1896","01766"
"1897","01773"
"1898","01775"
"1899","01825"
"1900","01826"
"1901","01827"
"1902","01828"
"1903","01891"
"1904","01892"
"1905","01904"
"1906","01909"
"1907","01910"
"1908","03237"
"1909","03238"
"1910","03333"
"1911","03334"
"1912","03359"
"1913","03360"
"1914","03381"
"1915","03382"
"1916","03385"
"1917","03386"
"1918","03573"
"1919","03574"
"1920","03593"
"1921","03594"
"1922","03649"
"1923","03650"
"1924","03675"
"1925","03676"
"1926","03677"
"1927","03678"
"1928","03769"
"1929","03770"
"1930","04013"
"1931","04019"
"1932","04020"
"1933","04103"
"1934","04104"
"1935","04105"
"1936","04106"
"1937","04127"
"1938","04128"
"1939","04139"
"1940","04140"
"1941","04147"
"1942","04148"
"1943","04149"
"1944","04156"
"1945","04157"
"1946","04159"
"1947","04160"
"1948","04161"
"1949","04162"
"1950","04163"
"1951","04164"
"1952","04176"
"1953","04179"
"1954","04180"
"1955","04185"
"1956","04186"
"1957","04193"
"1958","04194"
"1959","04287"
"1960","04288"
"1961","04289"
"1962","04290"
"1963","04295"
"1964","04298"
"1965","04453"
"1966","04567"
"1967","04568"
"1968","04577"
"1969","04578"
"1970","04579"
"1971","04580"
"1972","04581"
"1973","04582"
"1974","04584"
"1975","04588"
"1976","04589"
"1977","04590"
"1978","04591"
"1979","04592"
"1980","04593"
"1981","04594"
"1982","04595"
"1983","04596"
"1984","05169"
"1985","05170"
"1986","05245"
"1987","05246"
"1988","05505"
"1989","05506"
"1990","05553"
"1991","05554"
"1992","06393"
"1993","06394"
"1994","06401"
"1995","06402"
"1996","06417"
"1997","06418"
"1998","06436"
"1999","06441"
"2000","06442"
"2001","06515"
"2002","06516"
"2003","06525"
"2004","06526"
"2005","06527"
"2006","06528"
"2007","06529"
"2008","06530"
"2009","06532"
"2010","06533"
"2011","06534"
"2012","06535"
"2013","06536"
"2014","06537"
"2015","06538"
"2016","06539"
"2017","06540"
"2018","06551"
"2019","06552"
"2020","06561"
"2021","06562"
"2022","06573"
"2023","06574"
"2024","06579"
"2025","06580"
"2026","06591"
"2027","06592"
"2028","06593"
"2029","06594"
"2030","06603"
"2031","06604"
"2032","06607"
"2033","06608"
"2034","06613"
"2035","06614"
"2036","06615"
"2037","06616"
"2038","06617"
"2039","06618"
"2040","06621"
"2041","06622"
"2042","06625"
"2043","06626"
"2044","06661"
"2045","06666"
"2046","06721"
"2047","06722"
"2048","06725"
"2049","06726"
"2050","06727"
"2051","06728"
"2052","06735"
"2053","06738"
"2054","06743"
"2055","06744"
"2056","06745"
"2057","06746"
"2058","06747"
"2059","06748"
"2060","06750"
"2061","06751"
"2062","06753"
"2063","06754"
"2064","06763"
"2065","06764"
"2066","06765"
"2067","06766"
"2068","06768"
"2069","04178"
"2070","04408"
"2071","04416"
"2072","04421"
"2073","04907"
"2074","04908"
"2075","04909"
"2076","04910"
"2077","04911"
"2078","04914"
"2079","04915"
"2080","04916"
"2081","04919"
"2082","04920"
"2083","04921"
"2084","04927"
"2085","04928"
"2086","04929"
"2087","04930"
"2088","04931"
"2089","04932"
"2090","04933"
"2091","04934"
"2092","04935"
"2093","04937"
"2094","04938"
"2095","04939"
"2096","04940"
"2097","04941"
"2098","04942"
"2099","04943"
"2100","04945"
"2101","04946"
"2102","04950"
"2103","04951"
"2104","04952"
"2105","04953"
"2106","04954"
"2107","04955"
"2108","04956"
"2109","04957"
"2110","04958"
"2111","04959"
"2112","04960"
"2113","04961"
"2114","04965"
"2115","04966"
"2116","04967"
"2117","04968"
"2118","04996"
"2119","64001"
"2120","64002"
"2121","64003"
"2122","64004"
"2123","64011"
"2124","64012"
"2125","64013"
"2126","64014"
"2127","64015"
"2128","64016"
"2129","64017"
"2130","64018"
"2131","64019"
"2132","64031"
"2133","64032"
"2134","64034"
"2135","64036"
"2136","64051"
"2137","64052"
"2138","64053"
"2139","64055"
"2140","64057"
"2141","64061"
"2142","64062"
"2143","64064"
"2144","64071"
"2145","64073"
"2146","64074"
"2147","64075"
"2148","64076"
"2149","64077"
"2150","64078"
"2151","64080"
"2152","64082"
"2153","64084"
"2154","64087"
"2155","64088"
"2156","64089"
"2157","64090"
"2158","64091"
"2159","64092"
"2160","64093"
"2161","64094"
"2162","64095"
"2163","64096"
"2164","64097"
"2165","64098"
"2166","64101"
"2167","64102"
"2168","64103"
"2169","64104"
"2170","64105"
"2171","64106"
"2172","64107"
"2173","64108"
"2174","64109"
"2175","64110"
"2176","64111"
"2177","64112"
"2178","64113"
"2179","64114"
"2180","64167"
"2181","64168"
"2182","64401"
"2183","64402"
"2184","64403"
"2185","64404"
"2186","64406"
"2187","64407"
"2188","64408"
"2189","64409"
"2190","64410"
"2191","64411"
"2192","64412"
"2193","64414"
"2194","64415"
"2195","64417"
"2196","64418"
"2197","64419"
"2198","64420"
"2199","64421"
"2200","64422"
"2201","64423"
"2202","64424"
"2203","64425"
"2204","64426"
"2205","64427"
"2206","64428"
"2207","64429"
"2208","64430"
"2209","64431"
"2210","64432"
"2211","64433"
"2212","64434"
"2213","64437"
"2214","64439"
"2215","64441"
"2216","64443"
"2217","64445"
"2218","64449"
"2219","64450"
"2220","64451"
"2221","64452"
"2222","64453"
"2223","64454"
"2224","64461"
"2225","64462"
"2226","64463"
"2227","64464"
"2228","64465"
"2229","64466"
"2230","64469"
"2231","64470"
"2232","64471"
"2233","64472"
"2234","64491"
"2235","64492"
"2236","64496"
"2237","64901"
"2238","64902"
"2239","64903"
"2240","64904"
"2241","64905"
"2242","64906"
"2243","64908"
"2244","64910"
"2245","64953"
"2246","90001"
"2247","90002"
"2248","90003"
"2249","90004"
"2250","90006"
"2251","90007"
"2252","90008"
"2253","90009"
"2254","90011"
"2255","90012"
"2256","90013"
"2257","90014"
"2258","90015"
"2259","90016"
"2260","90017"
"2261","90018"
"2262","90019"
"2263","90020"
"2264","90021"
"2265","90022"
"2266","90023"
"2267","90024"
"2268","90025"
"2269","90026"
"2270","90027"
"2271","90028"
"2272","90029"
"2273","90030"
"2274","90031"
"2275","90032"
"2276","90033"
"2277","90034"
"2278","90037"
"2279","90038"
"2280","90039"
"2281","90040"
"2282","90041"
"2283","90042"
"2284","90043"
"2285","90044"
"2286","90045"
"2287","90046"
"2288","90047"
"2289","90048"
"2290","90049"
"2291","90051"
"2292","90052"
"2293","90053"
"2294","90054"
"2295","90055"
"2296","90057"
"2297","90058"
"2298","90059"
"2299","90060"
"2300","90061"
"2301","90062"
"2302","90063"
"2303","90064"
"2304","90065"
"2305","90066"
"2306","90067"
"2307","90068"
"2308","90069"
"2309","90070"
"2310","90071"
"2311","90072"
"2312","90073"
"2313","90074"
"2314","90075"
"2315","90076"
"2316","90077"
"2317","90078"
"2318","90080"
"2319","90081"
"2320","90082"
"2321","90083"
"2322","90084"
"2323","90085"
"2324","90086"
"2325","90087"
"2326","90088"
"2327","90089"
"2328","90090"
"2329","90091"
"2330","90092"
"2331","90093"
"2332","90094"
"2333","90096"
"2334","90097"
"2335","90098"
"2336","90099"
"2337","90100"
"2338","90101"
"2339","90102"
"2340","90103"
"2341","90104"
"2342","90105"
"2343","90106"
"2344","90107"
"2345","90109"
"2346","90110"
"2347","90111"
"2348","90112"
"2349","90113"
"2350","90115"
"2351","90116"
"2352","90117"
"2353","90118"
"2354","90119"
"2355","90121"
"2356","90122"
"2357","90123"
"2358","90124"
"2359","90125"
"2360","90126"
"2361","90127"
"2362","90128"
"2363","90129"
"2364","90130"
"2365","90132"
"2366","90133"
"2367","90134"
"2368","90135"
"2369","90136"
"2370","90137"
"2371","90138"
"2372","90139"
"2373","90140"
"2374","90141"
"2375","90142"
"2376","90143"
"2377","90144"
"2378","90145"
"2379","90146"
"2380","90147"
"2381","90149"
"2382","90150"
"2383","90151"
"2384","90152"
"2385","90153"
"2386","90154"
"2387","90155"
"2388","90156"
"2389","90157"
"2390","90158"
"2391","90159"
"2392","90160"
"2393","90161"
"2394","90162"
"2395","90163"
"2396","90165"
"2397","90166"
"2398","90167"
"2399","90168"
"2400","90169"
"2401","90170"
"2402","90171"
"2403","90172"
"2404","90173"
"2405","90174"
"2406","90175"
"2407","90176"
"2408","90177"
"2409","90178"
"2410","90179"
"2411","90180"
"2412","90181"
"2413","90182"
"2414","90183"
"2415","90184"
"2416","90185"
"2417","90186"
"2418","90187"
"2419","90188"
"2420","90189"
"2421","90190"
"2422","90191"
"2423","90192"
"2424","90193"
"2425","90194"
"2426","90196"
"2427","90197"
"2428","90199"
"2429","90200"
"2430","90201"
"2431","90202"
"2432","90203"
"2433","90204"
"2434","90205"
"2435","90206"
"2436","90207"
"2437","90208"
"2438","90209"
"2439","90210"
"2440","90211"
"2441","90213"
"2442","90214"
"2443","90215"
"2444","90216"
"2445","90217"
"2446","00068"
"2447","00069"
"2448","00117"
"2449","00118"
"2450","00119"
"2451","00120"
"2452","00121"
"2453","00242"
"2454","08135"
"2455","08136"
"2456","08139"
"2457","08140"
"2458","30111"
"2459","30112"
"2460","30116"
"2461","30121"
"2462","30122"
"2463","30123"
"2464","30128"
"2465","30135"
"2466","30142"
"2467","30145"
"2468","30152"
"2469","30154"
"2470","30211"
"2471","30311"
"2472","30312"
"2473","30313"
"2474","30314"
"2475","30317"
"2476","30321"
"2477","30322"
"2478","30324"
"2479","30331"
"2480","30332"
"2481","30333"
"2482","30342"
"2483","30344"
"2484","30346"
"2485","30351"
"2486","30353"
"2487","30357"
"2488","30358"
"2489","30361"
"2490","30411"
"2491","30412"
"2492","30416"
"2493","30451"
"2494","30511"
"2495","30552"
"2496","30711"
"2497","30712"
"2498","31051"
"2499","31053"
"2500","31055"
"2501","31111"
"2502","31112"
"2503","31151"
"2504","31152"
"2505","31191"
"2506","31192"
"2507","31211"
"2508","31212"
"2509","31213"
"2510","31214"
"2511","31215"
"2512","31216"
"2513","31217"
"2514","31218"
"2515","31219"
"2516","31220"
"2517","31221"
"2518","31222"
"2519","31223"
"2520","31224"
"2521","31225"
"2522","31226"
"2523","31227"
"2524","31228"
"2525","31229"
"2526","31230"
"2527","31231"
"2528","31232"
"2529","31233"
"2530","31234"
"2531","31235"
"2532","31236"
"2533","31237"
"2534","31238"
"2535","31239"
"2536","31240"
"2537","31261"
"2538","31311"
"2539","31312"
"2540","31313"
"2541","31314"
"2542","31315"
"2543","31316"
"2544","31317"
"2545","31318"
"2546","31319"
"2547","31320"
"2548","31321"
"2549","31322"
"2550","31323"
"2551","31324"
"2552","31325"
"2553","31326"
"2554","31327"
"2555","31328"
"2556","31329"
"2557","31330"
"2558","31331"
"2559","31332"
"2560","31333"
"2561","31334"
"2562","31335"
"2563","31336"
"2564","31337"
"2565","31338"
"2566","31339"
"2567","31341"
"2568","31411"
"2569","31412"
"2570","31413"
"2571","31414"
"2572","31415"
"2573","31416"
"2574","31417"
"2575","31418"
"2576","31420"
"2577","31421"
"2578","31422"
"2579","31423"
"2580","31424"
"2581","31425"
"2582","31426"
"2583","31427"
"2584","31428"
"2585","31429"
"2586","31430"
"2587","31431"
"2588","31432"
"2589","31433"
"2590","31434"
"2591","31435"
"2592","31436"
"2593","31437"
"2594","31438"
"2595","31439"
"2596","31440"
"2597","31441"
"2598","31442"
"2599","31443"
"2600","31444"
"2601","31445"
"2602","31446"
"2603","31447"
"2604","31448"
"2605","31450"
"2606","31471"
"2607","31511"
"2608","31512"
"2609","31513"
"2610","31514"
"2611","31515"
"2612","31516"
"2613","31517"
"2614","31518"
"2615","31519"
"2616","31520"
"2617","31521"
"2618","31522"
"2619","31523"
"2620","31524"
"2621","31525"
"2622","31526"
"2623","31527"
"2624","31528"
"2625","31529"
"2626","31530"
"2627","31531"
"2628","31532"
"2629","31533"
"2630","31534"
"2631","31535"
"2632","31536"
"2633","31537"
"2634","31538"
"2635","31539"
"2636","31540"
"2637","31541"
"2638","31542"
"2639","31571"
"2640","31584"
"2641","31585"
"2642","31586"
"2643","31601"
"2644","31602"
"2645","31611"
"2646","40001"
"2647","40002"
"2648","40003"
"2649","40004"
"2650","40005"
"2651","40006"
"2652","40007"
"2653","40008"
"2654","40009"
"2655","40010"
"2656","40011"
"2657","40012"
"2658","40013"
"2659","40014"
"2660","40015"
"2661","40016"
"2662","40017"
"2663","40018"
"2664","40019"
"2665","40020"
"2666","40021"
"2667","40022"
"2668","40023"
"2669","40024"
"2670","40025"
"2671","40026"
"2672","40027"
"2673","40028"
"2674","40029"
"2675","40030"
"2676","40031"
"2677","40032"
"2678","40033"
"2679","40034"
"2680","40035"
"2681","40036"
"2682","40037"
"2683","40038"
"2684","40039"
"2685","40040"
"2686","40041"
"2687","40042"
"2688","40043"
"2689","40044"
"2690","40045"
"2691","40046"
"2692","40047"
"2693","40048"
"2694","40049"
"2695","40050"
"2696","40051"
"2697","40052"
"2698","40053"
"2699","40054"
"2700","40055"
"2701","40056"
"2702","40057"
"2703","40058"
"2704","40059"
"2705","40060"
"2706","40061"
"2707","40062"
"2708","40063"
"2709","40065"
"2710","40066"
"2711","40067"
"2712","40068"
"2713","40069"
"2714","40070"
"2715","40071"
"2716","40072"
"2717","40073"
"2718","40074"
"2719","40075"
"2720","40076"
"2721","40077"
"2722","40078"
"2723","40079"
"2724","40080"
"2725","40081"
"2726","40082"
"2727","40083"
"2728","40084"
"2729","40085"
"2730","40086"
"2731","40087"
"2732","40088"
"2733","40089"
"2734","40090"
"2735","40091"
"2736","40092"
"2737","40093"
"2738","40094"
"2739","40095"
"2740","40096"
"2741","40097"
"2742","40098"
"2743","40099"
"2744","40100"
"2745","40101"
"2746","40102"
"2747","40103"
"2748","40104"
"2749","40105"
"2750","40106"
"2751","40107"
"2752","40108"
"2753","40109"
"2754","40110"
"2755","40111"
"2756","40112"
"2757","40113"
"2758","40114"
"2759","40115"
"2760","40116"
"2761","40117"
"2762","40118"
"2763","40119"
"2764","40120"
"2765","40121"
"2766","40122"
"2767","40123"
"2768","40124"
"2769","40125"
"2770","40126"
"2771","40127"
"2772","40128"
"2773","40129"
"2774","40130"
"2775","40131"
"2776","40132"
"2777","40133"
"2778","40134"
"2779","40135"
"2780","40136"
"2781","40137"
"2782","40138"
"2783","40139"
"2784","40140"
"2785","40141"
"2786","40142"
"2787","40143"
"2788","40144"
"2789","40145"
"2790","40146"
"2791","40147"
"2792","40148"
"2793","40149"
"2794","40150"
"2795","40151"
"2796","40152"
"2797","40153"
"2798","40154"
"2799","40155"
"2800","40156"
"2801","40157"
"2802","40158"
"2803","40159"
"2804","40203"
"2805","40204"
"2806","40301"
"2807","40302"
"2808","40303"
"2809","40304"
"2810","40305"
"2811","40306"
"2812","40307"
"2813","40308"
"2814","40309"
"2815","40310"
"2816","40311"
"2817","40312"
"2818","40313"
"2819","40314"
"2820","40315"
"2821","40316"
"2822","40317"
"2823","40318"
"2824","40319"
"2825","40320"
"2826","40321"
"2827","40322"
"2828","40323"
"2829","40324"
"2830","40325"
"2831","40326"
"2832","40327"
"2833","40328"
"2834","40329"
"2835","40330"
"2836","40331"
"2837","40332"
"2838","40333"
"2839","40334"
"2840","40335"
"2841","40336"
"2842","40337"
"2843","40338"
"2844","40339"
"2845","40340"
"2846","47100"
"2847","47101"
"2848","47102"
"2849","47103"
"2850","47104"
"2851","47105"
"2852","47106"
"2853","47107"
"2854","47108"
"2855","47109"
"2856","47110"
"2857","47111"
"2858","47112"
"2859","47113"
"2860","47114"
"2861","47115"
"2862","47116"
"2863","47117"
"2864","47118"
"2865","47119"
"2866","47120"
"2867","47121"
"2868","47122"
"2869","47123"
"2870","47124"
"2871","47125"
"2872","47126"
"2873","47127"
"2874","47128"
"2875","47129"
"2876","47130"
"2877","47131"
"2878","47132"
"2879","47133"
"2880","47134"
"2881","47135"
"2882","47136"
"2883","47137"
"2884","47138"
"2885","47139"
"2886","47140"
"2887","47141"
"2888","47142"
"2889","47143"
"2890","47144"
"2891","47145"
"2892","47146"
"2893","47147"
"2894","47148"
"2895","47149"
"2896","47150"
"2897","47151"
"2898","47152"
"2899","47153"
"2900","47154"
"2901","47155"
"2902","47156"
"2903","47157"
"2904","47158"
"2905","47159"
"2906","47160"
"2907","47161"
"2908","47162"
"2909","47163"
"2910","47164"
"2911","47165"
"2912","47166"
"2913","47167"
"2914","47168"
"2915","47169"
"2916","47170"
"2917","47171"
"2918","47172"
"2919","47173"
"2920","47174"
"2921","47175"
"2922","47176"
"2923","47177"
"2924","47178"
"2925","47179"
"2926","47180"
"2927","47181"
"2928","47182"
"2929","47183"
"2930","47184"
"2931","47185"
"2932","47186"
"2933","47187"
"2934","47188"
"2935","47189"
"2936","47190"
"2937","47191"
"2938","47192"
"2939","47193"
"2940","47194"
"2941","47195"
"2942","47196"
"2943","47197"
"2944","47198"
"2945","47199"
"2946","47200"
"2947","47201"
"2948","47202"
"2949","47203"
"2950","47204"
"2951","47205"
"2952","47206"
"2953","47207"
"2954","47208"
"2955","47209"
"2956","47210"
"2957","47211"
"2958","47212"
"2959","47213"
"2960","47214"
"2961","47215"
"2962","47216"
"2963","47217"
"2964","47218"
"2965","47219"
"2966","47220"
